{
	"head":
	{
		"name":"tcm_tag_value",
		"type":"NAMELIST"
	},
	"record":
	{
		"elem_no":10,
		"elemlist":
		[
			"RQU_COMMAND=0xC100",
			"RQU_AUTH1_COMMAND=0xC200",
			"RQU_AUTH2_COMMAND=0xC300",
			"RSP_COMMAND=0xC400",
			"RSP_AUTH1_COMMAND=0xC500",
			"RSP_AUTH2_COMMAND=0xC600",
			"RQU_VTCM_COMMAND=0xD100",
			"RSP_VTCM_COMMAND=0xD400",
			"RQU_MANAGE_COMMAND=0xE100",
			"RSP_MANAGE_COMMAND=0xE400"
			
		]
	}
}
{
	"head":
	{
		"name":"tcm_ordinal_value",
		"type":"NAMELIST"
	},
	"record":
	{
		"elem_no":48,
		"elemlist":
		[
		
	            "PHYSICALPRESENCE=0x0A000040", 
                "CHANGEAUTH=0x0C800000",
                "TAKEOWNERSHIP=0x0D800000",
                "CHANGEAUTHOWNER=0x10800000",
            	"EXTEND=0x14800000",
			    "PCRREAD=0x15800000",
                "QUOTE=0x16800000",
                "SEAL=0x17800000",
                "UNSEAL=0x18800000",
                "CREATEWRAPKEY=0x1F800000",
                "EVICTKEY=0x22800000",
                "CERTIFYKEY=0x32800000",
                "SIGN=0x3C800000",
                "SETCAPABILITY=0x3F800000",
                "GETRANDOM=0x46800000",
			    "SELFTESTFULL=0x50800000",
                "CONTINUESELFTEST=0x53800000",
                "GETTESTRESULT=0x54800000",
                "OWNERCLEAR=0x5B800000",
                "DISABLEOWNERCLEAR=0x5C800000",
			    "FORCECLEAR=0x5D800000",
                "DISABLEFORCECLEAR=0x5E800000",
			    "GETCAPABILITY=0x65800000",
            	"PHYSICALENABLE=0x6F800000",
                "PHYSICALDISABLE=0x70800000",
            	"PHYSICALSETDEACTIVATED=0x72800000",
			    "CREATEEKPAIR=0x78800000",
                "MAKEIDENTITY=0x79800000",
                "ACTIVATEIDENTITY=0x7A800000",
			    "READPUBEK=0x7C800000",
                "OWNERREADINTERNALPUB=0x81800000",
			    "STARTUP=0x99800000",
                "FLUSHSPECIFIC=0xBA800000",
                "WRAPKEY=0xBD800000",
			    "APCREATE=0xBF800000",
                "APTERMINATE=0xC0800000",
                "SM4ENCRYPT=0xC5800000",
                "SM4DECRYPT=0xC6800000",
                "PCRRESET=0xC8800000",
                "NV_DEFINESPACE=0xCC800000",
                "NV_WRITEVALUE=0xCD800000",
                "NV_READVALUE=0xCF800000",
                "SM3START=0xEA800000",
                "SM3UPDATE=0xEB800000",
                "SM3COMPLETE=0xEC800000",
                "SM3COMPLETEEXTEND=0xED800000",
                "SM2DECRYPT=0xEE800000",
                "LOADKEY=0xEF800000"
		]
	}
}
{
	"head":
	{
		"name":"tcm_struct_value",
		"type":"NAMELIST"
	},
	"record":
	{
		"elem_no":2,
		"elemlist":
		[
            		"TCM_NV_ATTRIBUTES=0x0017",
           		 "TPM_TAG_CAP_VERSION_INFO=0x0030"
		]
	}
}
{
	"head":
	{
		"name":"tcm_key_usage_value",
		"type":"NAMELIST"
	},
	"record":
	{
		"elem_no":8,
		"elemlist":
		[
            		"TCM_SM2KEY_SIGNING=0x0010",
           		"TCM_SM2KEY_STORAGE=0x0011",
           		"TCM_SM2KEY_IDENTITY=0x0012",
           		"TCM_SM2KEY_BIND=0x0014",
            		"TCM_SM2KEY_MIGRAGE=0x0016",
           		"TCM_SM4KEY_STORAGE=0x0018",
           		"TCM_SM4KEY_BIND=0x0019",
            		"TCM_SM4KEY_MIGRAGE=0x001a"
		]
	}
}
{
	"head":
	{
		"name":"tcm_key_flags_value",
		"type":"NAMELIST"
	},
	"record":
	{
		"elem_no":3,
		"elemlist":
		[
            		"TCM_MIGRATABLE=0x02",
            		"TCM_ISVOLATILE=0x04",
            		"TCM_PCRIGNOREDONREAD=0x08"
		]
	}
}
