{	
	"head":
	{
		"name":"dtype_vtcm_input",
		"type":"TYPELIST"
	},
	"record":
	{
		"elem_no":8,
		"elemlist":
		[
			"VTCM_IN=0x2010",
			"VTCM_IN_AUTH1=0x2011",
			"VTCM_IN_AUTH2=0x2012",
			"VTCM_OUT=0x2020",
			"VTCM_OUT_AUTH1=0x2021",
			"VTCM_OUT_AUTH2=0x2022",
			"VTCM_HEAD=0x2030",
			"VTCM_UTILS=0x2040"
		]
	}
}
{
	"head":
	{
		"name":"subtype_vtcm_utils",
		"type":"SUBTYPELIST"
	},
	"record":
	{
		"type":"VTCM_UTILS",
		"elem_no":3,
		"elemlist":
		[
            		"TCM_UTILS_INPUT=0x01",
            		"TCM_UTILS_OUTPUT",
            		"TCM_PIK_CERT"
		]
	}
}
{
	"head":
	{
		"name":"subtype_vtcm_in",
		"type":"SUBTYPELIST"
	},
	"record":
	{
		"type":"VTCM_IN",
		"elem_no":34,
		"elemlist":
		[
            "PHYSICALPRESENCE=0x0A000040",
			"EXTEND=0x14800000",
			"PCRREAD=0x15800000",
            "SEAL=0x17800000",
            "UNSEAL=0x18800000",
            "EVICTKEY=0x22800000",
            "CERTIFYKEY=0x32800000",
            "SETCAPABILITY=0x3F800000",
            "GETRANDOM=0x46800000",
			"SELFTESTFULL=0x50800000",
            "CONTINUESELFTEST=0x53800000",
            "GETTESTRESULT=0x54800000",
            "OWNERCLEAR=0x5B800000",
            "DISABLEOWNERCLEAR=0x5C800000",
			"FORCECLEAR=0x5D800000",
            "DISABLEFORCECLEAR=0x5E800000",
			"GETCAPABILITY=0x65800000",
            "PHYSICALENABLE=0x6F800000",
            "PHYSICALDISABLE=0x70800000",
            "PHYSICALSETDEACTIVATED=0x72800000",
			"CREATEEKPAIR=0x78800000",
           	"READPUBEK=0x7C800000",
            "OWNERREADINTERNALPUB=0x81800000",
			"STARTUP=0x99800000",
            "FLUSHSPECIFIC=0xBA800000",
            "WRAPKEY=0xBD800000",
            "PCRRESET=0xC8800000",
			"NV_DEFINESPACE=0xCC800000",
            "NV_WRITEVALUE=0xCD800000",
            "NV_READVALUE=0xCF800000",
            "SM3START=0xEA800000",
            "SM3UPDATE=0xEB800000",
            "SM3COMPLETE=0xEC800000",
            "SM3COMPLETEEXTEND=0xED800000"
		]
	}
}
{
	"head":
	{
		"name":"subtype_vtcm_auth1_in",
		"type":"SUBTYPELIST"
	},
	"record":
	{
		"type":"VTCM_IN_AUTH1",
		"elem_no":31,
		"elemlist":
		[
            "TAKEOWNERSHIP=0x0D800000",
            "CHANGEAUTHOWNER=0x10800000",
            "QUOTE=0x16800000",
            "SEAL=0x17800000",
            "UNSEAL=0x18800000",
            "CREATEWRAPKEY=0x1F800000",
            "CERTIFYKEY=0x32800000",
            "SIGN=0x3C800000",
            "SETCAPABILITY=0x3F800000",
			"SELFTESTFULL=0x50800000",
            "CONTINUESELFTEST=0x53800000",
            "GETTESTRESULT=0x54800000",
            "OWNERCLEAR=0x5B800000",
            "DISABLEOWNERCLEAR=0x5C800000",
			"FORCECLEAR=0x5D800000",
            "DISABLEFORCECLEAR=0x5E800000",
			"GETCAPABILITY=0x65800000",
			"CREATEEKPAIR=0x78800000",
            "OWNERREADINTERNALPUB=0x81800000",
            "FLUSHSPECIFIC=0xBA800000",
            "WRAPKEY=0xBD800000",
			"APCREATE=0xBF800000",
            "APTERMINATE=0xC0800000",
            "SM4ENCRYPT=0xC5800000",
            "SM4DECRYPT=0xC6800000",
            "PCRRESET=0xC8800000",
			"NV_DEFINESPACE=0xCC800000",
            "NV_WRITEVALUE=0xCD800000",
            "NV_READVALUE=0xCF800000",
            "SM2DECRYPT=0xEE800000",
            "LOADKEY=0xEF800000"
		]
	}
}
{
	"head":
	{
		"name":"subtype_vtcm_auth2_in",
		"type":"SUBTYPELIST"
	},
	"record":
	{
		"type":"VTCM_IN_AUTH2",
		"elem_no":5,
		"elemlist":
		[
            		"CHANGEAUTH=0x0C800000",
    		        "UNSEAL=0x18800000",
     		        "CERTIFYKEY=0x32800000",
    		        "MAKEIDENTITY=0x79800000",
   		        "ACTIVATEIDENTITY=0x7A800000"
		]
	}
}
{
	"head":
	{
		"name":"subtype_vtcm_out",
		"type":"SUBTYPELIST"
	},
	"record":
	{
		"type":"VTCM_OUT",
		"elem_no":37,
		"elemlist":
		[
            "PHYSICALPRESENCE=0x0A000040",
			"EXTEND=0x14800000",
			"PCRREAD=0x15800000",
            "SEAL=0x17800000",
            "UNSEAL=0x18800000",
            "EVICTKEY=0x22800000",
            "CERTIFYKEY=0x32800000",
            "SETCAPABILITY=0x3F800000",
            "GETRANDOM=0x46800000",
			"SELFTESTFULL=0x50800000",
            "CONTINUESELFTEST=0x53800000",
            "GETTESTRESULT=0x54800000",
            "OWNERCLEAR=0x5B800000",
            "DISABLEOWNERCLEAR=0x5C800000",
			"FORCECLEAR=0x5D800000",
            "DISABLEFORCECLEAR=0x5E800000",
			"GETCAPABILITY=0x65800000",
            "PHYSICALENABLE=0x6F800000",
            "PHYSICALDISABLE=0x70800000",
            "PHYSICALSETDEACTIVATED=0x72800000",
			"CREATEEKPAIR=0x78800000",
           	"READPUBEK=0x7C800000",
            "OWNERREADINTERNALPUB=0x81800000",
			"STARTUP=0x99800000",
            "FLUSHSPECIFIC=0xBA800000",
            "WRAPKEY=0xBD800000",
            "APTERMINATE=0xC0800000",
            "SM4ENCRYPT=0xC5800000",
            "SM4DECRYPT=0xC6800000",
            "PCRRESET=0xC8800000",
            "NV_DEFINESPACE=0xCC800000",
            "NV_WRITEVALUE=0xCD800000",
            "NV_READVALUE=0xCF800000",
            "SM3START=0xEA800000",
            "SM3UPDATE=0xEB800000",
            "SM3COMPLETE=0xEC800000",
            "SM3COMPLETEEXTEND=0xED800000"
		]
	}
}
{
	"head":
	{
		"name":"subtype_vtcm_out_auth1",
		"type":"SUBTYPELIST"
	},
	"record":
	{
		"type":"VTCM_OUT_AUTH1",
		"elem_no":30,
		"elemlist":
		[
            "TAKEOWNERSHIP=0x0D800000",
            "CHANGEAUTHOWNER=0x10800000",
            "QUOTE=0x16800000",
            "SEAL=0x17800000",
            "UNSEAL=0x18800000",
            "CREATEWRAPKEY=0x1F800000",
            "CERTIFYKEY=0x32800000",
            "SIGN=0x3C800000",
            "SETCAPABILITY=0x3F800000",
            "SELFTESTFULL=0x50800000",
            "CONTINUESELFTEST=0x53800000",
            "GETTESTRESULT=0x54800000",
            "OWNERCLEAR=0x5B800000",
            "DISABLEOWNERCLEAR=0x5C800000",
			"FORCECLEAR=0x5D800000",
            "DISABLEFORCECLEAR=0x5E800000",
			"GETCAPABILITY=0x65800000",
			"CREATEEKPAIR=0x78800000",
            "OWNERREADINTERNALPUB=0x81800000",
            "FLUSHSPECIFIC=0xBA800000",
            "WRAPKEY=0xBD800000",
	    "APCREATE=0xBF800000",
            "SM4ENCRYPT=0xC5800000",
            "SM4DECRYPT=0xC6800000",
            "PCRRESET=0xC8800000",
            "NV_DEFINESPACE=0xCC800000",
            "NV_WRITEVALUE=0xCD800000",
            "NV_READVALUE=0xCF800000",
            "SM2DECRYPT=0xEE800000",
            "LOADKEY=0xEF800000"
		]
	}
}
{
	"head":
	{
		"name":"subtype_vtcm_auth2_out",
		"type":"SUBTYPELIST"
	},
	"record":
	{
		"type":"VTCM_OUT_AUTH2",
		"elem_no":4,
		"elemlist":
		[
            		"CHANGEAUTH=0x0C800000",
     		        "CERTIFYKEY=0x32800000",
    		        "MAKEIDENTITY=0x79800000",
   		        "ACTIVATEIDENTITY=0x7A800000"
		]
	}
}
{
	"head":
	{
		"name":"tcm_in_PCRREAD",
		"type":"RECORDTYPE"
	},
	"record":
	{
		"type":"VTCM_IN",
		"subtype":"PCRREAD",
		"struct_desc":
		{
			"elem_desc":
			[
				{"name":"tag","type":"SENUM","ref_name":"tcm_tag_value"},
				{"name":"paramSize","type":"TPM32"},
				{"name":"ordinal","type":"ENUM","ref_name":"tcm_ordinal_value"},
				{"name":"pcrIndex","type":"TPM32"}
			]
		}
	}	
}
{
	"head":
	{
		"name":"tcm_out_PCRREAD",
		"type":"RECORDTYPE"
	},
	"record":
	{
		"type":"VTCM_OUT",
		"subtype":"PCRREAD",
		"struct_desc":
		{
			"elem_desc":
			[
				{"name":"tag","type":"SENUM","ref_name":"tcm_tag_value"},
				{"name":"paramSize","type":"TPM32"},
				{"name":"returnCode","type":"TPM32"},
				{"name":"outDigest","type":"BINDATA","size":"32"}
			]
		}
	}	
}
{
	"head":
	{
		"name":"tcm_in_PcrReset",
		"type":"RECORDTYPE"
	},
	"record":
	{
		"type":"VTCM_IN",
		"subtype":"PCRRESET",
		"struct_desc":
		{
			"elem_desc":
			[
				{"name":"tag","type":"SENUM","ref_name":"tcm_tag_value"},
				{"name":"paramSize","type":"TPM32"},
				{"name":"ordinal","type":"ENUM","ref_name":"tcm_ordinal_value"},
				{"name":"pcrSelection","type":"SUBSTRUCT","ref_name":"tcm_pcr_selection"}
			]
		}
	}	
}
{
	"head":
	{
		"name":"tcm_out_PcrReset",
		"type":"RECORDTYPE"
	},
	"record":
	{
		"type":"VTCM_OUT",
		"subtype":"PCRRESET",
		"struct_desc":
		{
			"elem_desc":
			[
				{"name":"tag","type":"SENUM","ref_name":"tcm_tag_value"},
				{"name":"paramSize","type":"TPM32"},
				{"name":"returnCode","type":"TPM32"}
			]
		}
	}	
}
{
	"head":
	{
		"name":"tcm_in_EXTEND",
		"type":"RECORDTYPE"
	},
	"record":
	{
		"type":"VTCM_IN",
		"subtype":"EXTEND",
		"struct_desc":
		{
			"elem_desc":
			[
				{"name":"tag","type":"SENUM","ref_name":"tcm_tag_value"},
				{"name":"paramSize","type":"TPM32"},
				{"name":"ordinal","type":"ENUM","ref_name":"tcm_ordinal_value"},
				{"name":"pcrIndex","type":"TPM32"},
				{"name":"outDigest","type":"BINDATA","size":"32"}
			]
		}
	}	
}
{
	"head":
	{
		"name":"tcm_out_EXTEND",
		"type":"RECORDTYPE"
	},
	"record":
	{
		"type":"VTCM_OUT",
		"subtype":"EXTEND",
		"struct_desc":
		{
			"elem_desc":
			[
				{"name":"tag","type":"SENUM","ref_name":"tcm_tag_value"},
				{"name":"paramSize","type":"TPM32"},
				{"name":"returnCode","type":"TPM32"},
				{"name":"outDigest","type":"BINDATA","size":"32"}
			]
		}
	}	
}
{
	"head":
	{
		"name":"tcm_in_Startup",
		"type":"RECORDTYPE"
	},
	"record":
	{
		"type":"VTCM_IN",
		"subtype":"STARTUP",
		"struct_desc":
		{
			"elem_desc":
			[
				{"name":"tag","type":"SENUM","ref_name":"tcm_tag_value"},
				{"name":"paramSize","type":"TPM32"},
				{"name":"ordinal","type":"ENUM","ref_name":"tcm_ordinal_value"},
				{"name":"startupType","type":"TPM16"}
			]
		}
	}	
}
{
	"head":
	{
		"name":"tcm_out_Startup",
		"type":"RECORDTYPE"
	},
	"record":
	{
		"type":"VTCM_OUT",
		"subtype":"STARTUP",
		"struct_desc":
		{
			"elem_desc":
			[
				{"name":"tag","type":"SENUM","ref_name":"tcm_tag_value"},
				{"name":"paramSize","type":"TPM32"},
				{"name":"returnCode","type":"TPM32"}
			]
		}
	}	
}
{
	"head":
	{
		"name":"tcm_in_GetCapability",
		"type":"RECORDTYPE"
	},
	"record":
	{
		"type":"VTCM_IN",
		"subtype":"GETCAPABILITY",
		"struct_desc":
		{
			"elem_desc":
			[
				{"name":"tag","type":"SENUM","ref_name":"tcm_tag_value"},
				{"name":"paramSize","type":"TPM32"},
				{"name":"ordinal","type":"ENUM","ref_name":"tcm_ordinal_value"},
				{"name":"capArea","type":"TPM32"},
				{"name":"subCapSize","type":"TPM32"},
				{"name":"subCap","type":"DEFINE","def":"subCapSize"}
			]
		}
	}	
}
{
	"head":
	{
		"name":"tcm_out_GetCapability",
		"type":"RECORDTYPE"
	},
	"record":
	{
		"type":"VTCM_OUT",
		"subtype":"GETCAPABILITY",
		"struct_desc":
		{
			"elem_desc":
			[
				{"name":"tag","type":"SENUM","ref_name":"tcm_tag_value"},
				{"name":"paramSize","type":"TPM32"},
				{"name":"returnCode","type":"TPM32"},
				{"name":"respSize","type":"TPM32"},
				{"name":"resp","type":"DEFINE","def":"respSize"}
			]
		}
	}	
}
{
	"head":
	{
		"name":"tcm_in_SetCapability",
		"type":"RECORDTYPE"
	},
	"record":
	{
		"type":"VTCM_IN",
		"subtype":"SETCAPABILITY",
		"struct_desc":
		{
			"elem_desc":
			[
				{"name":"tag","type":"SENUM","ref_name":"tcm_tag_value"},
				{"name":"paramSize","type":"TPM32"},
				{"name":"ordinal","type":"ENUM","ref_name":"tcm_ordinal_value"},
				{"name":"capArea","type":"TPM32"},
				{"name":"subCapSize","type":"TPM32"},
				{"name":"subCap","type":"DEFINE","def":"subCapSize"},
				{"name":"setValueSize","type":"TPM32"},
				{"name":"setValue","type":"DEFINE","def":"setValueSize"},
                {"name":"authHandle","type":"TPM32"},
                {"name":"authCode","type":"BINDATA","size":"32"}
			]
		}
	}	
}
{
	"head":
	{
		"name":"tcm_out_SetCapability",
		"type":"RECORDTYPE"
	},
	"record":
	{
		"type":"VTCM_OUT",
		"subtype":"SETCAPABILITY",
		"struct_desc":
		{
			"elem_desc":
			[
				{"name":"tag","type":"SENUM","ref_name":"tcm_tag_value"},
				{"name":"paramSize","type":"TPM32"},
				{"name":"returnCode","type":"TPM32"},
                {"name":"resAuth","type":"BINDATA","size":"32"}
			]
		}
	}	
}
{
	"head":
	{
		"name":"tcm_in_PhysicalPresence",
		"type":"RECORDTYPE"
	},
	"record":
	{
		"type":"VTCM_IN",
		"subtype":"PHYSICALPRESENCE",
		"struct_desc":
		{
			"elem_desc":
			[
				{"name":"tag","type":"SENUM","ref_name":"tcm_tag_value"},
				{"name":"paramSize","type":"TPM32"},
				{"name":"ordinal","type":"ENUM","ref_name":"tcm_ordinal_value"},
				{"name":"physicalPresence","type":"SENUM","ref_name":"tcm_tag_value"}
			]
		}
	}	
}
{
	"head":
	{
		"name":"tcm_out_PhysicalPresence",
		"type":"RECORDTYPE"
	},
	"record":
	{
		"type":"VTCM_OUT",
		"subtype":"PHYSICALPRESENCE",
		"struct_desc":
		{
			"elem_desc":
			[
				{"name":"tag","type":"SENUM","ref_name":"tcm_tag_value"},
				{"name":"paramSize","type":"TPM32"},
				{"name":"returnCode","type":"TPM32"}
			]
		}
	}	
}
{
    "head":
	{
		"name":"tcm_in_PhysicalEnable",
		"type":"RECORDTYPE"
	},
	"record":
	{
		"type":"VTCM_IN",
		"subtype":"PHYSICALENABLE",
		"struct_desc":
		{
			"elem_desc":
			[
				{"name":"tag","type":"SENUM","ref_name":"tcm_tag_value"},
				{"name":"paramSize","type":"TPM32"},
				{"name":"ordinal","type":"ENUM","ref_name":"tcm_ordinal_value"}
			]
		}
	}	
}
{
    "head":
	{
		"name":"tcm_out_PhysicalEnable",
		"type":"RECORDTYPE"
	},
	"record":
	{
		"type":"VTCM_OUT",
		"subtype":"PHYSICALENABLE",
		"struct_desc":
		{
			"elem_desc":
			[
				{"name":"tag","type":"SENUM","ref_name":"tcm_tag_value"},
				{"name":"paramSize","type":"TPM32"},
				{"name":"returnCode","type":"TPM32"}
			]
		}
	}	
}
{
    "head":
	{
		"name":"tcm_in_PhysicalDisable",
		"type":"RECORDTYPE"
	},
	"record":
	{
		"type":"VTCM_IN",
		"subtype":"PHYSICALDISABLE",
		"struct_desc":
		{
			"elem_desc":
			[
				{"name":"tag","type":"SENUM","ref_name":"tcm_tag_value"},
				{"name":"paramSize","type":"TPM32"},
				{"name":"ordinal","type":"ENUM","ref_name":"tcm_ordinal_value"}
			]
		}
	}	
}
{
    "head":
	{
		"name":"tcm_out_PhysicalDisable",
		"type":"RECORDTYPE"
	},
	"record":
	{
		"type":"VTCM_OUT",
		"subtype":"PHYSICALDISABLE",
		"struct_desc":
		{
			"elem_desc":
			[
				{"name":"tag","type":"SENUM","ref_name":"tcm_tag_value"},
				{"name":"paramSize","type":"TPM32"},
				{"name":"returnCode","type":"TPM32"}
			]
		}
	}	
}
{
	"head":
	{
		"name":"tcm_in_PhysicalSetDeactivated",
		"type":"RECORDTYPE"
	},
	"record":
	{
		"type":"VTCM_IN",
		"subtype":"PHYSICALSETDEACTIVATED",
		"struct_desc":
		{
			"elem_desc":
			[
				{"name":"tag","type":"SENUM","ref_name":"tcm_tag_value"},
				{"name":"paramSize","type":"TPM32"},
				{"name":"ordinal","type":"ENUM","ref_name":"tcm_ordinal_value"},
                		{"name":"state","type":"UCHAR"}
			]
		}
	}	
}
{
	"head":
	{
		"name":"tcm_out_PhysicalSetDeactivated",
		"type":"RECORDTYPE"
	},
	"record":
	{
		"type":"VTCM_OUT",
		"subtype":"PHYSICALSETDEACTIVATED",
		"struct_desc":
		{
			"elem_desc":
			[
				{"name":"tag","type":"SENUM","ref_name":"tcm_tag_value"},
				{"name":"paramSize","type":"TPM32"},
				{"name":"returnCode","type":"TPM32"}
			]
		}
	}	
}
{
	"head":
	{
		"name":"tcm_in_CreateEKPair",
		"type":"RECORDTYPE"
	},
	"record":
	{
		"type":"VTCM_IN",
		"subtype":"CREATEEKPAIR",
		"struct_desc":
		{
			"elem_desc":
			[
				{"name":"tag","type":"SENUM","ref_name":"tcm_tag_value"},
				{"name":"paramSize","type":"TPM32"},
				{"name":"ordinal","type":"ENUM","ref_name":"tcm_ordinal_value"},
				{"name":"antiReplay","type":"BINDATA","size":"32"},
				{"name":"keyInfo","type":"SUBSTRUCT","ref_name":"tcm_key_parms"}
			]
		}
	}	
}
{
	"head":
	{
		"name":"tcm_out_CreateEKPair",
		"type":"RECORDTYPE"
	},
	"record":
	{
		"type":"VTCM_OUT",
		"subtype":"CREATEEKPAIR",
		"struct_desc":
		{
			"elem_desc":
			[
				{"name":"tag","type":"SENUM","ref_name":"tcm_tag_value"},
				{"name":"paramSize","type":"TPM32"},
				{"name":"returnCode","type":"TPM32"},
				{"name":"pubEndorsementKey","type":"SUBSTRUCT","ref_name":"tcm_key_pubkey"},
				{"name":"checksum","type":"BINDATA","size":"32"}
			]
		}
	}	
}
{
    "head":
    {
        "name":"tcm_in_ForceClear",
        "type":"RECORDTYPE"
    },
    "record":
    {
        "type":"VTCM_IN",
        "subtype":"FORCECLEAR",
        "struct_desc":
        {
            "elem_desc":
            [
                {"name":"tag","type":"SENUM","ref_name":"tcm_tag_value"},
                {"name":"paramSize","type":"TPM32"},
                {"name":"ordinal","type":"ENUM","ref_name":"tcm_ordinal_value"}
            ]
        }
    }
}
{
    "head":
    {
        "name":"tcm_out_ForceClear",
        "type":"RECORDTYPE"
    },
    "record":
    {
        "type":"VTCM_OUT",
        "subtype":"FORCECLEAR",
        "struct_desc":
        {
            "elem_desc":
            [
                {"name":"tag","type":"SENUM","ref_name":"tcm_tag_value"},
                {"name":"paramSize","type":"TPM32"},
                {"name":"returnCode","type":"TPM32"}
            ]
        }
    }
}
{
    "head":
    {
        "name":"tcm_in_DisableForceClear",
        "type":"RECORDTYPE"
    },
    "record":
    {
        "type":"VTCM_IN",
        "subtype":"DISABLEFORCECLEAR",
        "struct_desc":
        {
            "elem_desc":
            [
                {"name":"tag","type":"SENUM","ref_name":"tcm_tag_value"},
                {"name":"paramSize","type":"TPM32"},
                {"name":"ordinal","type":"ENUM","ref_name":"tcm_ordinal_value"}
            ]
        }
    }
}
{
    "head":
    {
        "name":"tcm_out_DisableForceClear",
        "type":"RECORDTYPE"
    },
    "record":
    {
        "type":"VTCM_OUT",
        "subtype":"DISABLEFORCECLEAR",
        "struct_desc":
        {
            "elem_desc":
            [
                {"name":"tag","type":"SENUM","ref_name":"tcm_tag_value"},
                {"name":"paramSize","type":"TPM32"},
                {"name":"returnCode","type":"TPM32"}
            ]
        }
    }
}
{
    "head":
    {
	"name":"tcm_in_SelfTestFull",
	"type":"RECORDTYPE"
    },
    "record":
    {
	"type":"VTCM_IN",
	"subtype":"SELFTESTFULL",
	"struct_desc":
	{
	    "elem_desc":
	    [
		{"name":"tag","type":"SENUM","ref_name":"tcm_tag_value"},
		{"name":"paramSize","type":"TPM32"},
		{"name":"ordinal","type":"ENUM","ref_name":"tcm_ordinal_value"}
	    ]
	}
    }	
}
{
    "head":
    {
	    "name":"tcm_out_SelfTestFull",
	    "type":"RECORDTYPE"
    },
    "record":
    {
	    "type":"VTCM_OUT",
	    "subtype":"SELFTESTFULL",
	    "struct_desc":
	    {
	        "elem_desc":
	        [
		        {"name":"tag","type":"SENUM","ref_name":"tcm_tag_value"},
		        {"name":"paramSize","type":"TPM32"},
		        {"name":"returnCode","type":"TPM32"}
	        ]
	    }
    }	
}
{
        "head":
        {
                "name":"tcm_in_NV_DefineSpace",
                "type":"RECORDTYPE"
        },
        "record":
        {
                "type":"VTCM_IN",
                "subtype":"NV_DEFINESPACE",
                "struct_desc":
                {
                        "elem_desc":
                        [
                                {"name":"tag","type":"SENUM","ref_name":"tcm_tag_value"},
                                {"name":"paramSize","type":"TPM32"},
                                {"name":"ordinal","type":"ENUM","ref_name":"tcm_ordinal_value"},
                                {"name":"pubInfo","type":"SUBSTRUCT","ref_name":"tcm_nv_data_public"},
				{"name":"encAuth","type":"BINDATA","size":"32"},
				{"name":"authHandle","type":"TPM32"},
				{"name":"ownerAuth","type":"BINDATA","size":"32"}
                        ]
                },
		"flag_no":2,
		"index":
		[
			{
				"flag":"KEY",
				"elemlist":"tag,paramSize,ordinal,pubInfo,encAuth"
			},
        		{
          			"flag":"INPUT",
          			"elemlist":"nonce"
        		}
		]
        }
}
{
        "head":
        {
                "name":"tcm_out_NV_DefineSpace",
                "type":"RECORDTYPE"
        },
        "record":
        {
                "type":"VTCM_OUT",
                "subtype":"NV_DEFINESPACE",
                "struct_desc":
                {
                        "elem_desc":
                        [
                                {"name":"tag","type":"SENUM","ref_name":"tcm_tag_value"},
                                {"name":"paramSize","type":"TPM32"},
			    	            {"name":"returnCode","type":"TPM32"},
                                {"name":"ownerAuth","type":"BINDATA","size":"32"}
                        ]
                }
        "flag_no":2,
		"index":
		[
			{
				"flag":"KEY",
				"elemlist":""
			},
        {
          "flag":"INPUT",
          "elemlist":"nonce"
        }
		]
        }
}
{
        "head":
        {
                "name":"tcm_in_NV_WriteValue",
                "type":"RECORDTYPE"
        },
        "record":
        {
                "type":"VTCM_IN",
                "subtype":"NV_WRITEVALUE",
                "struct_desc":
                {
                        "elem_desc":
                        [
                                {"name":"tag","type":"SENUM","ref_name":"tcm_tag_value"},
                                {"name":"paramSize","type":"TPM32"},
                                {"name":"ordinal","type":"ENUM","ref_name":"tcm_ordinal_value"},
                                {"name":"nvIndex","type":"TPM32"},
				{"name":"offset","type":"TPM32"},
				{"name":"dataSize","type":"TPM32"},
				{"name":"data","type":"DEFINE","def":"dataSize"},
				{"name":"authHandle","type":"TPM32"},
				{"name":"ownerAuth","type":"BINDATA","size":"32"}
                        ]
                }
        }
}
{
        "head":
        {
                "name":"tcm_out_NV_WriteValue",
                "type":"RECORDTYPE"
        },
        "record":
        {
                "type":"VTCM_OUT",
                "subtype":"NV_WRITEVALUE",
                "struct_desc":
                {
                        "elem_desc":
                        [
                                {"name":"tag","type":"SENUM","ref_name":"tcm_tag_value"},
                                {"name":"paramSize","type":"TPM32"},
				{"name":"returnCode","type":"TPM32"},
				{"name":"ownerAuth","type":"BINDATA","size":"32"}
                        ]
                }
        }
}
{
        "head":
        {
                "name":"tcm_in_NV_ReadValue",
                "type":"RECORDTYPE"
        },
        "record":
        {
                "type":"VTCM_IN",
                "subtype":"NV_READVALUE",
                "struct_desc":
                {
                        "elem_desc":
                        [
                                {"name":"tag","type":"SENUM","ref_name":"tcm_tag_value"},
                                {"name":"paramSize","type":"TPM32"},
                                {"name":"ordinal","type":"ENUM","ref_name":"tcm_ordinal_value"},
                                {"name":"nvIndex","type":"TPM32"},
				{"name":"offset","type":"TPM32"},
				{"name":"dataSize","type":"TPM32"},
				{"name":"authHandle","type":"TPM32"},
				{"name":"ownerAuth","type":"BINDATA","size":"32"}
                        ]
                }
        }
}
{
        "head":
        {
                "name":"tcm_out_NV_ReadValue",
                "type":"RECORDTYPE"
        },
        "record":
        {
                "type":"VTCM_OUT",
                "subtype":"NV_READVALUE",
                "struct_desc":
                {
                        "elem_desc":
                        [
                                {"name":"tag","type":"SENUM","ref_name":"tcm_tag_value"},
                                {"name":"paramSize","type":"TPM32"},
				{"name":"returnCode","type":"TPM32"},
				{"name":"dataSize","type":"TPM32"},
				{"name":"data","type":"DEFINE","def":"dataSize"},
				{"name":"ownerAuth","type":"BINDATA","size":32}
                        ]
                }
        }
}
{
        "head":
        {
                "name":"tcm_in_GetRandom",
                "type":"RECORDTYPE"
        },
        "record":
        {
                "type": "VTCM_IN",
                "subtype":"GETRANDOM",
                "struct_desc":
                {
                        "elem_desc":
                         [
                                {"name":"tag","type":"SENUM","ref_name":"tcm_tag_value"},
                                {"name":"paramSize","type":"TPM32"},
                                {"name":"ordinal","type":"ENUM","ref_name":"tcm_ordinal_value"},
                                {"name":"bytesRequests","type":"TPM32"}
                         ]
                }
        }
}
{
        "head":
        {
                "name":"tcm_out_GetRandom",
                "type":"RECORDTYPE"
        },
        "record":
        {
                "type":"VTCM_OUT",
                "subtype":"GETRANDOM",
                "struct_desc":
                {
                        "elem_desc":
                         [
                                {"name":"tag","type":"SENUM","ref_name":"tcm_tag_value"},
                                {"name":"paramSize","type":"TPM32"},
                                {"name":"returnCode","type":"TPM32"},
                                {"name":"randomBytesSize","type":"TPM32"},
                                {"name":"randomBytes","type":"DEFINE","def":"randomBytesSize"}
                         ]
                }
        }
}

{
    "head":
    {
        "name":"vtcm_in_ReadPubek",
        "type":"RECORDTYPE"

    },  
    "record":
    {   
        "type":"VTCM_IN",
        "subtype":"READPUBEK",
        "struct_desc":
        {   
            "elem_desc":
                [   
                    {"name":"tag","type":"SENUM","ref_name":"tcm_tag_value"},
                    {"name":"paramSize","type":"TPM32"},
                    {"name":"ordinal","type":"ENUM","ref_name":"tcm_ordinal_value"},
                    {"name":"antiReplay","type":"BINDATA","size":"32"},
                ]   
        }   
    }    

}
{
    "head":
    {   
        "name":"vtcm_out_ReadPubek",
        "type":"RECORDTYPE"
    },  
    "record":
    {   
        "type":"VTCM_OUT",
        "subtype":"READPUBEK",
        "struct_desc":
        {
            "elem_desc":
                [
                {"name":"tag","type":"SENUM","ref_name":"tcm_tag_value"},
                {"name":"paramSize","type":"TPM32"},
                {"name":"returnCode","type":"TPM32"},
                {"name":"pubEndorsementKey","type":"SUBSTRUCT","ref_name":"tcm_key_pubkey"},
                {"name":"checksum","type":"BINDATA","size":"32"}

            ]

        }
    }

}
{
    "head":
    {
        "name":"vtcm_in_Sm3Start",
        "type":"RECORDTYPE"
    },
    "record":
    {
        "type":"VTCM_IN",
        "subtype":"SM3START",
        "struct_desc":
        {
            "elem_desc":
                [
                    {"name":"tag","type":"SENUM","ref_name":"tcm_tag_value"},
                    {"name":"paramSize","type":"TPM32"},
                    {"name":"ordinal","type":"ENUM","ref_name":"tcm_ordinal_value"}
                ]
        }
    }
}
{
    "head":
    {   
        "name":"vtcm_out_Sm3Start",
        "type":"RECORDTYPE"
    },  
    "record":
    {   
        "type":"VTCM_OUT",
        "subtype":"SM3START",
        "struct_desc":
        {
            "elem_desc":
                [
                {"name":"tag","type":"SENUM","ref_name":"tcm_tag_value"},
                {"name":"paramSize","type":"TPM32"},
                {"name":"returnCode","type":"TPM32"},
                {"name":"sm3MaxBytes","type":"TPM32"}
            ]

        }
    }

}
{
    "head":
    {
        "name":"vtcm_in_Sm3Update",
        "type":"RECORDTYPE"
    },
    "record":
    {
        "type":"VTCM_IN",
        "subtype":"SM3UPDATE",
        "struct_desc":
        {
            "elem_desc":
                [
                    {"name":"tag","type":"SENUM","ref_name":"tcm_tag_value"},
                    {"name":"paramSize","type":"TPM32"},
                    {"name":"ordinal","type":"ENUM","ref_name":"tcm_ordinal_value"},
                    {"name":"dataBlockSize","type":"TPM32"},
                    {"name":"dataBlock","type":"DEFINE","def":"dataBlockSize"}
                ]
        }
    }
}
{
    "head":
    {   
        "name":"vtcm_out_Sm3Update",
        "type":"RECORDTYPE"
    },  
    "record":
    {   
        "type":"VTCM_OUT",
        "subtype":"SM3UPDATE",
        "struct_desc":
        {
            "elem_desc":
                [
                {"name":"tag","type":"SENUM","ref_name":"tcm_tag_value"},
                {"name":"paramSize","type":"TPM32"},
                {"name":"returnCode","type":"TPM32"}
            ]

        }
    }

}
{
    "head":
    {
        "name":"vtcm_in_Sm3Complete",
        "type":"RECORDTYPE"
    },
    "record":
    {
        "type":"VTCM_IN",
        "subtype":"SM3COMPLETE",
        "struct_desc":
        {
            "elem_desc":
                [
                    {"name":"tag","type":"SENUM","ref_name":"tcm_tag_value"},
                    {"name":"paramSize","type":"TPM32"},
                    {"name":"ordinal","type":"ENUM","ref_name":"tcm_ordinal_value"},
                    {"name":"dataBlockSize","type":"TPM32"},
                    {"name":"dataBlock","type":"DEFINE","def":"dataBlockSize"}
                ]
        }
    }
}
{
    "head":
    {   
        "name":"vtcm_out_Sm3Complete",
        "type":"RECORDTYPE"
    },  
    "record":
    {   
        "type":"VTCM_OUT",
        "subtype":"SM3COMPLETE",
        "struct_desc":
        {
            "elem_desc":
                [
                {"name":"tag","type":"SENUM","ref_name":"tcm_tag_value"},
                {"name":"paramSize","type":"TPM32"},
                {"name":"returnCode","type":"TPM32"},
                {"name":"calResult","type":"BINDATA","size":"32"}
            ]

        }
    }

}
{
	"head":
	{
		"name":"tcm_in_APCreate",
		"type":"RECORDTYPE"
	},
	"record":
	{
		"type":"VTCM_IN_AUTH1",
		"subtype":"APCREATE",
		"struct_desc":
		{
			"elem_desc":
			[
				{"name":"tag","type":"SENUM","ref_name":"tcm_tag_value"},
				{"name":"paramSize","type":"TPM32"},
				{"name":"ordinal","type":"ENUM","ref_name":"tcm_ordinal_value"},
				{"name":"entityType","type":"TPM16"},
				{"name":"entityValue","type":"TPM32"},
				{"name":"nonce","type":"BINDATA","size":"32"},
				{"name":"authCode","type":"BINDATA","size":"32"}
			]
		}
		"flag_no":2,
		"index":
		[
			{
				"flag":"KEY",
				"elemlist":"ordinal,entityType"
			},
			{
				"flag":"INPUT",
				"elemlist":"nonce"
			}
		]
	}	
}
{
	"head":
	{
		"name":"tcm_out_APCreate",
		"type":"RECORDTYPE"
	},
	"record":
	{
		"type":"VTCM_OUT_AUTH1",
		"subtype":"APCREATE",
		"struct_desc":
		{
			"elem_desc":
			[
				{"name":"tag","type":"SENUM","ref_name":"tcm_tag_value"},
				{"name":"paramSize","type":"TPM32"},
				{"name":"returnCode","type":"TPM32"},
				{"name":"authHandle","type":"TPM32"},
				{"name":"nonceEven","type":"BINDATA","size":"32"},
				{"name":"sernum","type":"TPM32"},
				{"name":"authCode","type":"BINDATA","size":"32"}
			]
		}
		"flag_no":2,
		"index":
		[
			{
				"flag":"KEY",
				"elemlist":"nonceEven"
			},
			{
				"flag":"INPUT",
				"elemlist":"sernum"
			}
		]
	}	
}
{
	"head":
	{
		"name":"tcm_in_TakeOwnership",
		"type":"RECORDTYPE"
	},
	"record":
	{
		"type":"VTCM_IN_AUTH1",
		"subtype":"TAKEOWNERSHIP",
		"struct_desc":
		{
			"elem_desc":
			[
				{"name":"tag","type":"SENUM","ref_name":"tcm_tag_value"},
				{"name":"paramSize","type":"TPM32"},
				{"name":"ordinal","type":"ENUM","ref_name":"tcm_ordinal_value"},
				{"name":"protocolID","type":"TPM16"},
				{"name":"encOwnerAuthSize","type":"TPM32"},
				{"name":"encOwnerAuth","type":"DEFINE","def":"encOwnerAuthSize"},
				{"name":"encSmkAuthSize","type":"TPM32"},
				{"name":"encSmkAuth","type":"DEFINE","def":"encSmkAuthSize"},
				{"name":"smkParams","type":"SUBSTRUCT","ref_name":"tcm_key"},
				{"name":"authHandle","type":"TPM32"},
				{"name":"authCode","type":"BINDATA","size":"32"}
			]
		}
        "flag_no":2,
		"index":
		[
			{
				"flag":"KEY",
				"elemlist":"ordinal,protocolID,encOwnerAuthSize,encOwnerAuth,encSmkAuthSize,encSmkAuth,smkParms"
			},
			{
				"flag":"INPUT",
				"elemlist":"nonce"
			}
		]
	}	
}
{
	"head":
	{
		"name":"tcm_out_TakeOwnership",
		"type":"RECORDTYPE"
	},
	"record":
	{
		"type":"VTCM_OUT_AUTH1",
		"subtype":"TAKEOWNERSHIP",
		"struct_desc":
		{
			"elem_desc":
			[
				{"name":"tag","type":"SENUM","ref_name":"tcm_tag_value"},
				{"name":"paramSize","type":"TPM32"},
				{"name":"returnCode","type":"TPM32"},
				{"name":"smkPub","type":"SUBSTRUCT","ref_name":"tcm_key"},
				{"name":"resAuth","type":"BINDATA","size":"32"}
			]
		}
        "flag_no":2,
		"index":
		[
			{
				"flag":"KEY",
				"elemlist":"smkPub"
			},
			{
				"flag":"INPUT",
				"elemlist":"nonce"
			}
		]
	}	
}
{
	"head":
	{
		"name":"tcm_in_APTerminate",
		"type":"RECORDTYPE"
	},
	"record":
	{
		"type":"VTCM_IN_AUTH1",
		"subtype":"APTERMINATE",
		"struct_desc":
		{
			"elem_desc":
			[
				{"name":"tag","type":"SENUM","ref_name":"tcm_tag_value"},
				{"name":"paramSize","type":"TPM32"},
				{"name":"ordinal","type":"ENUM","ref_name":"tcm_ordinal_value"},
				{"name":"authHandle","type":"TPM32"},
				{"name":"authCode","type":"BINDATA","size":"32"}
			]
		}
	}	
}
{
	"head":
	{
		"name":"tcm_out_APTerminate",
		"type":"RECORDTYPE"
	},
	"record":
	{
		"type":"VTCM_OUT",
		"subtype":"APTERMINATE",
		"struct_desc":
		{
			"elem_desc":
			[
				{"name":"tag","type":"SENUM","ref_name":"tcm_tag_value"},
				{"name":"paramSize","type":"TPM32"},
				{"name":"returnCode","type":"TPM32"}
			]
		}
	}	
}
{
	"head":
	{
		"name":"tcm_in_EvictKey",
		"type":"RECORDTYPE"
	},
	"record":
	{
		"type":"VTCM_IN",
		"subtype":"EVICTKEY",
		"struct_desc":
		{
			"elem_desc":
			[
				{"name":"tag","type":"SENUM","ref_name":"tcm_tag_value"},
				{"name":"paramSize","type":"TPM32"},
				{"name":"ordinal","type":"ENUM","ref_name":"tcm_ordinal_value"},
				{"name":"evictHandle","type":"TPM32"}
			]
		}
	}	
}
{
	"head":
	{
		"name":"tcm_out_EvictKey",
		"type":"RECORDTYPE"
	},
	"record":
	{
		"type":"VTCM_OUT",
		"subtype":"EVICTKEY",
		"struct_desc":
		{
			"elem_desc":
			[
				{"name":"tag","type":"SENUM","ref_name":"tcm_tag_value"},
				{"name":"paramSize","type":"TPM32"},
				{"name":"returnCode","type":"TPM32"}
			]
		}
	}	
}
{
	"head":
	{
		"name":"tcm_in_DisableOwnerClear",
		"type":"RECORDTYPE"
	},
	"record":
	{
		"type":"VTCM_IN",
		"subtype":"DISABLEOWNERCLEAR",
		"struct_desc":
		{
			"elem_desc":
			[
				{"name":"tag","type":"SENUM","ref_name":"tcm_tag_value"},
				{"name":"paramSize","type":"TPM32"},
				{"name":"ordinal","type":"ENUM","ref_name":"tcm_ordinal_value"},
                {"name":"authHandle","type":"TPM32"},
                {"name":"ownerAuth","type":"BINDATA","size":"32"}
			]
		}
		"flag_no":2,
		"index":
		[
			{
				"flag":"KEY",
				"elemlist":"ordinal"
			},
			{
				"flag":"INPUT",
				"elemlist":"nonce"
			}
		]
	}	
}
{
	"head":
	{
		"name":"tcm_out_DisableOwnerClear",
		"type":"RECORDTYPE"
	},
	"record":
	{
		"type":"VTCM_OUT",
		"subtype":"DISABLEOWNERCLEAR",
		"struct_desc":
		{
			"elem_desc":
			[
				{"name":"tag","type":"SENUM","ref_name":"tcm_tag_value"},
				{"name":"paramSize","type":"TPM32"},
				{"name":"returnCode","type":"TPM32"},
                {"name":"resAuth","type":"BINDATA","size":"32"}
			]
		}
        "flag_no":2,
		"index":
		[
			{
				"flag":"KEY",
				"elemlist":""
			},
			{
				"flag":"INPUT",
				"elemlist":"nonce"
			}
		]
	}	
}

{                                                                                                 
    "head":
    {
        "name":"vtcm_in_Sm3CompleteExtend",
        "type":"RECORDTYPE"
    },
    "record":
    {
        "type":"VTCM_IN",
        "subtype":"SM3COMPLETEEXTEND",
        "struct_desc":
        {
            "elem_desc":
                [
                    {"name":"tag","type":"SENUM","ref_name":"tcm_tag_value"},
                    {"name":"paramSize","type":"TPM32"},
                    {"name":"ordinal","type":"ENUM","ref_name":"tcm_ordinal_value"},
                    {"name":"pcrIndex","type":"TPM32"},
                    {"name":"dataBlockSize","type":"TPM32"},
                    {"name":"dataBlock","type":"DEFINE","def":"dataBlockSize"}
                ]
        }
    }
}
{
    "head":
    {   
        "name":"vtcm_out_Sm3CompleteExtend",
        "type":"RECORDTYPE"
    },  
    "record":
    {   
        "type":"VTCM_OUT",
        "subtype":"SM3COMPLETEEXTEND",
        "struct_desc":
        {
            "elem_desc":
                [
                {"name":"tag","type":"SENUM","ref_name":"tcm_tag_value"},
                {"name":"paramSize","type":"TPM32"},
                {"name":"returnCode","type":"TPM32"},
                {"name":"calResult","type":"BINDATA","size":"32"},
                {"name":"pcrResult","type":"BINDATA","size":"32"}
            ]

        }
    }
}
{
    "head":
    {
        "name":"vtcm_in_GetTestResult",
        "type":"RECORDTYPE"
    },
    "record":
    {
        "type":"VTCM_IN",
        "subtype":"GETTESTRESULT",
        "struct_desc":
        {
            "elem_desc":
                [
                    {"name":"tag","type":"SENUM","ref_name":"tcm_tag_value"},
                    {"name":"paramSize","type":"TPM32"},
                    {"name":"ordinal","type":"ENUM","ref_name":"tcm_ordinal_value"}
                ]
        }
    }
}
{
    "head":
    {   
        "name":"vtcm_out_GetTestResult",
        "type":"RECORDTYPE"
    },  
    "record":
    {   
        "type":"VTCM_OUT",
        "subtype":"GETTESTRESULT",
        "struct_desc":
        {
            "elem_desc":
                [
                {"name":"tag","type":"SENUM","ref_name":"tcm_tag_value"},
                {"name":"paramSize","type":"TPM32"},
                {"name":"returnCode","type":"TPM32"},
                {"name":"outDataSize","type":"TPM32"},
                {"name":"outData","type":"DEFINE","def":"outDataSize"}
            ]

        }
    }
}
{
    "head":
    {

        "name":"tcm_utils_input",
        "type":"RECORDTYPE"
    },
    "record":
    {
        "type":"VTCM_UTILS",
        "subtype":"TCM_UTILS_INPUT",
        "struct_desc":
        {
            "elem_desc":
            [
                {"name":"param_num","type":"INT"},
                {"name":"params","type":"DEFSTRARRAY","size":32,"def":"param_num"}
            ]
        }
    }
}
{
    "head":
    {

        "name":"tcm_utils_output",
        "type":"RECORDTYPE"
    },
    "record":
    {
        "type":"VTCM_UTILS",
        "subtype":"TCM_UTILS_OUTPUT",
        "struct_desc":
        {
            "elem_desc":
            [
                {"name":"param_num","type":"INT"},
                {"name":"params","type":"DEFSTRARRAY","size":"64","def":"param_num"}
            ]
        }
    }
}
{
	"head":
	{
		"name":"tcm_in_ContinueSelfTest",
		"type":"RECORDTYPE"
	},
	"record":
	{
		"type":"VTCM_IN",
		"subtype":"CONTINUESELFTEST",
		"struct_desc":
		{
			"elem_desc":
			[
				{"name":"tag","type":"SENUM","ref_name":"tcm_tag_value"},
				{"name":"paramSize","type":"TPM32"},
				{"name":"ordinal","type":"ENUM","ref_name":"tcm_ordinal_value"}
			]
		}
	}	
}
{
	"head":
	{
		"name":"tcm_out_ContinueSelfTest",
		"type":"RECORDTYPE"
	},
	"record":
	{
		"type":"VTCM_OUT",
		"subtype":"CONTINUESELFTEST",
		"struct_desc":
		{
			"elem_desc":
			[
				{"name":"tag","type":"SENUM","ref_name":"tcm_tag_value"},
				{"name":"paramSize","type":"TPM32"},
				{"name":"returnCode","type":"TPM32"}
			]
		}
	}	
}
{
	"head":
	{
		"name":"tcm_in_FlushSpecific",
		"type":"RECORDTYPE"
	},
	"record":
	{
		"type":"VTCM_IN",
		"subtype":"FLUSHSPECIFIC",
		"struct_desc":
		{
			"elem_desc":
			[
				{"name":"tag","type":"SENUM","ref_name":"tcm_tag_value"},
				{"name":"paramSize","type":"TPM32"},
				{"name":"ordinal","type":"ENUM","ref_name":"tcm_ordinal_value"},
				{"name":"handle","type":"TPM32"},
                {"name":"resourceType","type":"TPM32"}
			]
		}
	}	
}
{
	"head":
	{
		"name":"tcm_out_FlushSpecific",
		"type":"RECORDTYPE"
	},
	"record":
	{
		"type":"VTCM_OUT",
		"subtype":"FLUSHSPECIFIC",
		"struct_desc":
		{
			"elem_desc":
			[
				{"name":"tag","type":"SENUM","ref_name":"tcm_tag_value"},
				{"name":"paramSize","type":"TPM32"},
				{"name":"returnCode","type":"TPM32"}
			]
		}
	}	
}
{
	"head":
	{
		"name":"tcm_in_OwnerClear",
		"type":"RECORDTYPE"
	},
	"record":
	{
		"type":"VTCM_IN",
		"subtype":"OWNERCLEAR",
		"struct_desc":
		{
			"elem_desc":
			[
				{"name":"tag","type":"SENUM","ref_name":"tcm_tag_value"},
				{"name":"paramSize","type":"TPM32"},
				{"name":"ordinal","type":"ENUM","ref_name":"tcm_ordinal_value"},
				{"name":"authHandle","type":"TPM32"},
                {"name":"ownerAuth","type":"BINDATA","size":"32"}
			]
		}
		"flag_no":2,
		"index":
		[
			{
				"flag":"KEY",
				"elemlist":"ordinal"
			},
			{
				"flag":"INPUT",
				"elemlist":"nonce"
			}
		]
	}	
}
{
	"head":
	{
		"name":"tcm_out_OwnerClear",
		"type":"RECORDTYPE"
	},
	"record":
	{
		"type":"VTCM_OUT",
		"subtype":"OWNERCLEAR",
		"struct_desc":
		{
			"elem_desc":
			[
				{"name":"tag","type":"SENUM","ref_name":"tcm_tag_value"},
				{"name":"paramSize","type":"TPM32"},
				{"name":"returnCode","type":"TPM32"},
                {"name":"resAuth","type":"BINDATA","size":"32"}
			]
		}
        "flag_no":2,
		"index":
		[
			{
				"flag":"KEY",
				"elemlist":""
			},
			{
				"flag":"INPUT",
				"elemlist":"nonce"
			}
		]
	}	
}
{
	"head":
	{
		"name":"tcm_in_CreateWrapKey",
		"type":"RECORDTYPE"
	},
	"record":
	{
		"type":"VTCM_IN_AUTH1",
		"subtype":"CREATEWRAPKEY",
		"struct_desc":
		{
			"elem_desc":
			[
				{"name":"tag","type":"SENUM","ref_name":"tcm_tag_value"},
				{"name":"paramSize","type":"TPM32"},
				{"name":"ordinal","type":"ENUM","ref_name":"tcm_ordinal_value"},
				{"name":"parentHandle","type":"TPM32"},
                		{"name":"dataUsageAuth","type":"BINDATA","size":"32"},
                		{"name":"dataMigrationAuth","type":"BINDATA","size":"32"},
                		{"name":"keyInfo","type":"SUBSTRUCT","ref_name":"tcm_key"},
                		{"name":"authHandle","type":"TPM32"},
                		{"name":"pubAuth","type":"BINDATA","size":"32"}
			]
		}
		"flag_no":2,
		"index":
		[
			{
				"flag":"KEY",
				"elemlist":"ordinal,dataUsageAuth,dataMigrationAuth,keyInfo"
			},
			{
				"flag":"INPUT",
				"elemlist":"nonce"
			}
		]
	}	
}
{
	"head":
	{
		"name":"tcm_out_CreateWrapKey",
		"type":"RECORDTYPE"
	},
	"record":
	{
		"type":"VTCM_OUT_AUTH1",
		"subtype":"CREATEWRAPKEY",
		"struct_desc":
		{
			"elem_desc":
			[
				{"name":"tag","type":"SENUM","ref_name":"tcm_tag_value"},
				{"name":"paramSize","type":"TPM32"},
				{"name":"returnCode","type":"TPM32"},
                		{"name":"wrappedKey","type":"SUBSTRUCT","ref_name":"tcm_key"},
                		{"name":"resAuth","type":"BINDATA","size":"32"}
			]
		}
		"flag_no":2,
		"index":
		[
			{
				"flag":"KEY",
				"elemlist":"wrappedKey"
			},
			{
				"flag":"INPUT",
				"elemlist":"nonce"
			}
		]
	}	
}
{
	"head":
	{
		"name":"tcm_in_LoadKey",
		"type":"RECORDTYPE"
	},
	"record":
	{
		"type":"VTCM_IN_AUTH1",
		"subtype":"LOADKEY",
		"struct_desc":
		{
			"elem_desc":
			[
				{"name":"tag","type":"SENUM","ref_name":"tcm_tag_value"},
				{"name":"paramSize","type":"TPM32"},
				{"name":"ordinal","type":"ENUM","ref_name":"tcm_ordinal_value"},
				{"name":"parentHandle","type":"TPM32"},
                		{"name":"inKey","type":"SUBSTRUCT","ref_name":"tcm_key"},
                		{"name":"authHandle","type":"TPM32"},
                		{"name":"parentAuth","type":"BINDATA","size":"32"}
			]
		}
        "flag_no":2,
		"index":
		[
			{
				"flag":"KEY",
				"elemlist":"ordinal, inKey"
			},
			{
				"flag":"INPUT",
				"elemlist":"nonce"
			}
		]
	}	
}
{
	"head":
	{
		"name":"tcm_out_LoadKey",
		"type":"RECORDTYPE"
	},
	"record":
	{
		"type":"VTCM_OUT_AUTH1",
		"subtype":"LOADKEY",
		"struct_desc":
		{
			"elem_desc":
			[
				{"name":"tag","type":"SENUM","ref_name":"tcm_tag_value"},
				{"name":"paramSize","type":"TPM32"},
				{"name":"returnCode","type":"TPM32"},
                {"name":"inKeyHandle","type":"TPM32"},
                {"name":"resAuth","type":"BINDATA","size":"32"}
			]
		}
        "flag_no":2,
		"index":
		[
			{
				"flag":"KEY",
				"elemlist":""
			},
			{
				"flag":"INPUT",
				"elemlist":"nonce"
			}
		]
	}	
}
{
	"head":
	{
		"name":"tcm_in_WrapKey",
		"type":"RECORDTYPE"
	},
	"record":
	{
		"type":"VTCM_IN",
		"subtype":"WRAPKEY",
		"struct_desc":
		{
			"elem_desc":
			[
				{"name":"tag","type":"SENUM","ref_name":"tcm_tag_value"},
				{"name":"paramSize","type":"TPM32"},
				{"name":"ordinal","type":"ENUM","ref_name":"tcm_ordinal_value"},
				{"name":"parentHandle","type":"TPM32"},
                {"name":"dataUsageAuth","type":"BINDATA","size":"32"},
                {"name":"dataMigrationAuth","type":"BINDATA","size":"32"},
                {"name":"keyInfo","type":"SUBSTRUCT","ref_name":"tcm_key"},
                {"name":"authHandle","type":"TPM32"},
                {"name":"pubAuth","type":"BINDATA","size":"32"}
			]
		}
	}	
}
{
	"head":
	{
		"name":"tcm_out_WrapKey",
		"type":"RECORDTYPE"
	},
	"record":
	{
		"type":"VTCM_OUT",
		"subtype":"WRAPKEY",
		"struct_desc":
		{
			"elem_desc":
			[
				{"name":"tag","type":"SENUM","ref_name":"tcm_tag_value"},
				{"name":"paramSize","type":"TPM32"},
				{"name":"returnCode","type":"TPM32"},
                {"name":"wrappedKey","type":"SUBSTRUCT","ref_name":"tcm_key"},
                {"name":"resAuth","type":"BINDATA","size":"32"}
			]
		}
	}	
}
{
	"head":
	{
		"name":"tcm_in_Quote",
		"type":"RECORDTYPE"
	},
	"record":
	{
		"type":"VTCM_IN_AUTH1",
		"subtype":"QUOTE",
		"struct_desc":
		{
			"elem_desc":
			[
				{"name":"tag","type":"SENUM","ref_name":"tcm_tag_value"},
				{"name":"paramSize","type":"TPM32"},
				{"name":"ordinal","type":"ENUM","ref_name":"tcm_ordinal_value"},
				{"name":"keyHandle","type":"TPM32"},
                		{"name":"externalData","type":"BINDATA","size":"32"},
                		{"name":"targetPCR","type":"SUBSTRUCT","ref_name":"tcm_pcr_selection"},
                		{"name":"authHandle","type":"TPM32"},
                		{"name":"privAuth","type":"BINDATA","size":"32"}
			]
		}
        "flag_no":2,
		"index":
		[
			{
				"flag":"KEY",
				"elemlist":"ordinal,externalData,targetPCR"
			},
			{
				"flag":"INPUT",
				"elemlist":"nonce"
			}
		]
	}	
}
{
	"head":
	{
		"name":"tcm_out_Quote",
		"type":"RECORDTYPE"
	},
	"record":
	{
		"type":"VTCM_OUT_AUTH1",
		"subtype":"QUOTE",
		"struct_desc":
		{
			"elem_desc":
			[
				{"name":"tag","type":"SENUM","ref_name":"tcm_tag_value"},
				{"name":"paramSize","type":"TPM32"},
				{"name":"returnCode","type":"TPM32"},
                		{"name":"pcrData","type":"SUBSTRUCT","ref_name":"tcm_pcr_composite"},
                		{"name":"sigSize","type":"TPM32"},
                		{"name":"sig","type":"DEFINE","def":"sigSize"},
                		{"name":"resAuth","type":"BINDATA","size":"32"}
			]
		}
        "flag_no":2,
		"index":
		[
			{
				"flag":"KEY",
				"elemlist":"pcrData,sig"
			},
			{
				"flag":"INPUT",
				"elemlist":"nonce"
			}
		]
	}	
}
{
	"head":
	{
		"name":"tcm_in_Certify",
		"type":"RECORDTYPE"
	},
	"record":
	{
		"type":"VTCM_IN",
		"subtype":"CERTIFYKEY",
		"struct_desc":
		{
			"elem_desc":
			[
				{"name":"tag","type":"SENUM","ref_name":"tcm_tag_value"},
				{"name":"paramSize","type":"TPM32"},
				{"name":"ordinal","type":"ENUM","ref_name":"tcm_ordinal_value"},
				{"name":"certkeyHandle","type":"TPM32"},
				{"name":"keyHandle","type":"TPM32"},
                		{"name":"externalData","type":"BINDATA","size":"32"}
			]
		}
	}	
}
{
	"head":
	{
		"name":"tcm_out_Certify",
		"type":"RECORDTYPE"
	},
	"record":
	{
		"type":"VTCM_OUT",
		"subtype":"CERTIFYKEY",
		"struct_desc":
		{
			"elem_desc":
			[
				{"name":"tag","type":"SENUM","ref_name":"tcm_tag_value"},
				{"name":"paramSize","type":"TPM32"},
				{"name":"returnCode","type":"TPM32"},
                		{"name":"certifyInfo","type":"SUBSTRUCT","ref_name":"tcm_certify_info"},
                		{"name":"sigSize","type":"TPM32"},
                		{"name":"sig","type":"DEFINE","def":"sigSize"},
			]
		}
	}	
}
{
	"head":
	{
		"name":"tcm_in_Sm2Decrypt",
		"type":"RECORDTYPE"
	},
	"record":
	{
		"type":"VTCM_IN_AUTH1",
		"subtype":"SM2DECRYPT",
		"struct_desc":
		{
			"elem_desc":
			[
				{"name":"tag","type":"SENUM","ref_name":"tcm_tag_value"},
				{"name":"paramSize","type":"TPM32"},
				{"name":"ordinal","type":"ENUM","ref_name":"tcm_ordinal_value"},
				{"name":"keyHandle","type":"TPM32"},
                {"name":"DecryptDataSize","type":"TPM32"},
                {"name":"DecryptData","type":"DEFINE","def":"DecryptDataSize"},
                {"name":"DecryptAuthHandle","type":"TPM32"},
                {"name":"DecryptAuthVerfication","type":"BINDATA","size":"32"}
			]
		}
        "flag_no":2,
		"index":
		[
			{
				"flag":"KEY",
				"elemlist":"ordinal,DecryptDataSize,DecryptData"
			},
			{
				"flag":"INPUT",
				"elemlist":"nonce"
			}
		]
	}	
}
{
	"head":
	{
		"name":"tcm_out_Sm2Decrypt",
		"type":"RECORDTYPE"
	},
	"record":
	{
		"type":"VTCM_OUT_AUTH1",
		"subtype":"SM2DECRYPT",
		"struct_desc":
		{
			"elem_desc":
			[
				{"name":"tag","type":"SENUM","ref_name":"tcm_tag_value"},
				{"name":"paramSize","type":"TPM32"},
				{"name":"returnCode","type":"TPM32"},
                {"name":"DecryptedDataSize","type":"TPM32"},
                {"name":"DecryptedData","type":"DEFINE","def":"DecryptedDataSize"},
                {"name":"DecryptedAuthVerfication","type":"BINDATA","size":"32"}
			]
		}
        "flag_no":2,
		"index":
		[
			{
				"flag":"KEY",
				"elemlist":"DecryptedDataSize,DecryptedData"
			},
			{
				"flag":"INPUT",
				"elemlist":"nonce"
			}
		]
	}	
}
{
	"head":
	{
		"name":"tcm_in_Sm4Encrypt",
		"type":"RECORDTYPE"
	},
	"record":
	{
		"type":"VTCM_IN_AUTH1",
		"subtype":"SM4ENCRYPT",
		"struct_desc":
		{
			"elem_desc":
			[
				{"name":"tag","type":"SENUM","ref_name":"tcm_tag_value"},
				{"name":"paramSize","type":"TPM32"},
				{"name":"ordinal","type":"ENUM","ref_name":"tcm_ordinal_value"},
				{"name":"keyHandle","type":"TPM32"},
                {"name":"CBCusedIV","type":"BINDATA","size":"16"},
                {"name":"EncryptDataSize","type":"TPM32"},
                {"name":"EncryptData","type":"DEFINE","def":"EncryptDataSize"},
                {"name":"EncryptAuthHandle","type":"TPM32"},
                {"name":"EncryptAuthVerfication","type":"BINDATA","size":"32"}
			]
		}
		"flag_no":2,
		"index":
		[
			{
				"flag":"KEY",
				"elemlist":"ordinal,CBCusedIV,EncryptDataSize,EncryptData"
			},
			{
				"flag":"INPUT",
				"elemlist":"nonce"
			}
		]
	}	
}
{
	"head":
	{
		"name":"tcm_out_Sm4Encrypt",
		"type":"RECORDTYPE"
	},
	"record":
	{
		"type":"VTCM_OUT_AUTH1",
		"subtype":"SM4ENCRYPT",
		"struct_desc":
		{
			"elem_desc":
			[
				{"name":"tag","type":"SENUM","ref_name":"tcm_tag_value"},
				{"name":"paramSize","type":"TPM32"},
				{"name":"returnCode","type":"TPM32"},
                {"name":"EncryptedDataSize","type":"TPM32"},
                {"name":"EncryptedData","type":"DEFINE","def":"EncryptedDataSize"},
                {"name":"EncryptedAuthVerfication","type":"BINDATA","size":"32"}
			]
		}
		"flag_no":2,
		"index":
		[
			{
				"flag":"KEY",
				"elemlist":"EncryptedDataSize,EncryptedData"
			},
			{
				"flag":"INPUT",
				"elemlist":"nonce"
			}
		]
	}	
}
{
	"head":
	{
		"name":"tcm_in_Sm4Decrypt",
		"type":"RECORDTYPE"
	},
	"record":
	{
		"type":"VTCM_IN_AUTH1",
		"subtype":"SM4DECRYPT",
		"struct_desc":
		{
			"elem_desc":
			[
				{"name":"tag","type":"SENUM","ref_name":"tcm_tag_value"},
				{"name":"paramSize","type":"TPM32"},
				{"name":"ordinal","type":"ENUM","ref_name":"tcm_ordinal_value"},
				{"name":"keyHandle","type":"TPM32"},
                {"name":"CBCusedIV","type":"BINDATA","size":"16"},
                {"name":"DecryptDataSize","type":"TPM32"},
                {"name":"DecryptData","type":"DEFINE","def":"DecryptDataSize"},
                {"name":"DecryptAuthHandle","type":"TPM32"},
                {"name":"DecryptAuthVerfication","type":"BINDATA","size":"32"}
			]
		}
        "flag_no":2,
		"index":
		[
			{
				"flag":"KEY",
				"elemlist":"ordinal,CBCusedIV,DecryptDataSize,DecryptData"
			},
			{
				"flag":"INPUT",
				"elemlist":"nonce"
			}
		]
	}	
}
{
	"head":
	{
		"name":"tcm_out_Sm4Decrypt",
		"type":"RECORDTYPE"
	},
	"record":
	{
		"type":"VTCM_OUT_AUTH1",
		"subtype":"SM4DECRYPT",
		"struct_desc":
		{
			"elem_desc":
			[
				{"name":"tag","type":"SENUM","ref_name":"tcm_tag_value"},
				{"name":"paramSize","type":"TPM32"},
				{"name":"returnCode","type":"TPM32"},
                {"name":"DecryptedDataSize","type":"TPM32"},
                {"name":"DecryptedData","type":"DEFINE","def":"DecryptedDataSize"},
                {"name":"DecryptedAuthverfication","type":"BINDATA","size":"32"}
			]
		}
        "flag_no":2,
		"index":
		[
			{
				"flag":"KEY",
				"elemlist":"DecryptedDataSize,DecryptedData"
			},
			{
				"flag":"INPUT",
				"elemlist":"nonce"
			}
		]
	}	
}
{
	"head":
	{
		"name":"tcm_in_Sign",
		"type":"RECORDTYPE"
	},
	"record":
	{
		"type":"VTCM_IN_AUTH1",
		"subtype":"SIGN",
		"struct_desc":
		{
			"elem_desc":
			[
				{"name":"tag","type":"SENUM","ref_name":"tcm_tag_value"},
				{"name":"paramSize","type":"TPM32"},
				{"name":"ordinal","type":"ENUM","ref_name":"tcm_ordinal_value"},
				{"name":"keyHandle","type":"TPM32"},
                {"name":"areaToSignSize","type":"TPM32"},
                {"name":"areaToSign","type":"DEFINE","def":"areaToSignSize"},
                {"name":"authHandle","type":"TPM32"},
                {"name":"privAuth","type":"BINDATA","size":"32"}
			]
		}
        "flag_no":2,
		"index":
		[
			{
				"flag":"KEY",
				"elemlist":"ordinal, areaToSignSize, areaToSign"
			},
			{
				"flag":"INPUT",
				"elemlist":"nonce"
			}
		]
	}	
}
{
	"head":
	{
		"name":"tcm_out_Sign",
		"type":"RECORDTYPE"
	},
	"record":
	{
		"type":"VTCM_OUT_AUTH1",
		"subtype":"SIGN",
		"struct_desc":
		{
			"elem_desc":
			[
				{"name":"tag","type":"SENUM","ref_name":"tcm_tag_value"},
				{"name":"paramSize","type":"TPM32"},
				{"name":"returnCode","type":"TPM32"},
                {"name":"sigSize","type":"TPM32"},
                {"name":"sig","type":"DEFINE","def":"sigSize"},
                {"name":"resAuth","type":"BINDATA","size":"32"}
			]
		}
        "flag_no":2,
		"index":
		[
			{
				"flag":"KEY",
				"elemlist":"sigSize, sig"
			},
			{
				"flag":"INPUT",
				"elemlist":"nonce"
			}
		]
	}	
}

{
	"head":
	{
		"name":"tcm_in_MakeIdentity",
		"type":"RECORDTYPE"
	},
	"record":
	{
		"type":"VTCM_IN_AUTH2",
		"subtype":"MAKEIDENTITY",
		"struct_desc":
		{
			"elem_desc":
			[
				{"name":"tag","type":"SENUM","ref_name":"tcm_tag_value"},
				{"name":"paramSize","type":"TPM32"},
				{"name":"ordinal","type":"ENUM","ref_name":"tcm_ordinal_value"},
				{"name":"pikAuth","type":"BINDATA","size":"32"},
                {"name":"pubDigest","type":"BINDATA","size":"32"},
                {"name":"pikParams","type":"SUBSTRUCT","ref_name":"tcm_key"},
                {"name":"smkHandle","type":"TPM32"},
                {"name":"smkAuth","type":"BINDATA","size":"32"},
                {"name":"ownerHandle","type":"TPM32"},
                {"name":"ownerAuth","type":"BINDATA","size":"32"}
			]
		}
        "flag_no":2,
		"index":
		[
			{
				"flag":"KEY",
				"elemlist":"ordinal,pikAuth,pubDigest,pikParams"
			},
			{
				"flag":"INPUT",
				"elemlist":"nonce"
			}
		]
	}	
}
{
	"head":
	{
		"name":"tcm_out_MakeIdentity",
		"type":"RECORDTYPE"
	},
	"record":
	{
		"type":"VTCM_OUT_AUTH2",
		"subtype":"MAKEIDENTITY",
		"struct_desc":
		{
			"elem_desc":
			[
				{"name":"tag","type":"SENUM","ref_name":"tcm_tag_value"},
				{"name":"paramSize","type":"TPM32"},
				{"name":"returnCode","type":"TPM32"},
                		{"name":"pikPub","type":"SUBSTRUCT","ref_name":"tcm_key"},
                		{"name":"CertSize","type":"TPM32"},
                		{"name":"CertData","type":"DEFINE","def":"CertSize"},
               			{"name":"smkAuth","type":"BINDATA","size":"32"},
                		{"name":"ownerAuth","type":"BINDATA","size":"32"}
			]
		}
        	"flag_no":3,
		"index":
		[
			{
				"flag":"KEY",
				"elemlist":"pikPub"
			},
			{
				"flag":"INPUT",
				"elemlist":"nonce"
			}
			{
				"flag":"DESC",
				"elemlist":"pikPub,CertSize,CertData"
			}
		]
	}	
}
{
	"head":
	{
		"name":"tcm_in_ActivateIdentity",
		"type":"RECORDTYPE"
	},
	"record":
	{
		"type":"VTCM_IN_AUTH2",
		"subtype":"ACTIVATEIDENTITY",
		"struct_desc":
		{
			"elem_desc":
			[
				{"name":"tag","type":"SENUM","ref_name":"tcm_tag_value"},
				{"name":"paramSize","type":"TPM32"},
				{"name":"ordinal","type":"ENUM","ref_name":"tcm_ordinal_value"},
				{"name":"pikHandle","type":"TPM32"},
                		{"name":"encDataSize","type":"TPM32"},
                		{"name":"encData","type":"DEFINE","def":"encDataSize"},
                		{"name":"pikAuthHandle","type":"TPM32"},
                		{"name":"pikAuth","type":"BINDATA","size":"32"},
                		{"name":"ownerHandle","type":"TPM32"},
                		{"name":"ownerAuth","type":"BINDATA","size":"32"}
			]
		}
        	"flag_no":2,
		"index":
		[
			{
				"flag":"KEY",
				"elemlist":"encDataSize,encData"
			},
			{
				"flag":"DESC",
				"elemlist":"encDataSize,encData"
			}
		]
	}	
}
{
	"head":
	{
		"name":"tcm_out_ActivateIdentity",
		"type":"RECORDTYPE"
	},
	"record":
	{
		"type":"VTCM_OUT_AUTH2",
		"subtype":"ACTIVATEIDENTITY",
		"struct_desc":
		{
			"elem_desc":
			[
				{"name":"tag","type":"SENUM","ref_name":"tcm_tag_value"},
				{"name":"paramSize","type":"TPM32"},
				{"name":"returnCode","type":"TPM32"},
                		{"name":"symmkey","type":"SUBSTRUCT","ref_name":"tcm_key_symmetric_key"},
                		{"name":"pikAuth","type":"BINDATA","size":"32"},
                		{"name":"ownerAuth","type":"BINDATA","size":"32"}
			]
		}
        	"flag_no":2,
		"index":
		[
			{
				"flag":"KEY",
				"elemlist":"symmkey"
			},
			{
				"flag":"DESC",
				"elemlist":"symmkey"
			}
		]
	}	
}
{
	"head":
	{
		"name":"tcm_in_Seal",
		"type":"RECORDTYPE"
	},
	"record":
	{
		"type":"VTCM_IN_AUTH1",
		"subtype":"SEAL",
		"struct_desc":
		{
			"elem_desc":
			[
				{"name":"tag","type":"SENUM","ref_name":"tcm_tag_value"},
				{"name":"paramSize","type":"TPM32"},
				{"name":"ordinal","type":"ENUM","ref_name":"tcm_ordinal_value"},
				{"name":"keyHandle","type":"TPM32"},
                {"name":"encAuth","type":"BINDATA","size":"32"},
                {"name":"pcrInfoSize","type":"TPM32"},
                {"name":"pcrInfo","type":"DEFINE","def":"pcrInfoSize"},
                {"name":"InDataSize","type":"TPM32"},
                {"name":"InData","type":"DEFINE","def":"InDataSize"},
                {"name":"authHandle","type":"TPM32"},
                {"name":"authCode","type":"BINDATA","size":"32"}
			]
		}
		"flag_no":2,
		"index":
		[
			{
				"flag":"KEY",
				"elemlist":"ordinal,encAuth,pcrInfoSize,pcrInfo,InDataSize,InData"
			},
			{
				"flag":"INPUT",
				"elemlist":"nonce"
			}
		]
	}	
}
{
	"head":
	{
		"name":"tcm_out_Seal",
		"type":"RECORDTYPE"
	},
	"record":
	{
		"type":"VTCM_OUT_AUTH1",
		"subtype":"SEAL",
		"struct_desc":
		{
			"elem_desc":
			[
				{"name":"tag","type":"SENUM","ref_name":"tcm_tag_value"},
				{"name":"paramSize","type":"TPM32"},
				{"name":"returnCode","type":"TPM32"},
                {"name":"sealedData","type":"SUBSTRUCT","ref_name":"tcm_stored_data"},
                {"name":"authCode","type":"BINDATA","size":"32"}
			]
		}
		"flag_no":2,
		"index":
		[
			{
				"flag":"KEY",
				"elemlist":"sealedData"
			},
			{
				"flag":"INPUT",
				"elemlist":"nonce"
			}
		]
	}	
}
{
	"head":
	{
		"name":"tcm_in_UnSeal",
		"type":"RECORDTYPE"
	},
	"record":
	{
		"type":"VTCM_IN_AUTH2",
		"subtype":"UNSEAL",
		"struct_desc":
		{
			"elem_desc":
			[
				{"name":"tag","type":"SENUM","ref_name":"tcm_tag_value"},
				{"name":"paramSize","type":"TPM32"},
				{"name":"ordinal","type":"ENUM","ref_name":"tcm_ordinal_value"},
				{"name":"keyHandle","type":"TPM32"},
                {"name":"encAuth","type":"SUBSTRUCT","ref_name":"tcm_stored_data"},
                {"name":"UnAuthHandle","type":"TPM32"},
                {"name":"UnAuthCode","type":"BINDATA","size":"32"},
                {"name":"authHandle","type":"TPM32"},
                {"name":"authCode","type":"BINDATA","size":"32"}
			]
		}
		"flag_no":2,
		"index":
		[
			{
				"flag":"KEY",
				"elemlist":"encAuth"
			},
			{
				"flag":"INPUT",
				"elemlist":"nonce"
			}
		]
	}	
}
{
	"head":
	{
		"name":"tcm_out_UnSeal",
		"type":"RECORDTYPE"
	},
	"record":
	{
		"type":"VTCM_OUT_AUTH2",
		"subtype":"UNSEAL",
		"struct_desc":
		{
			"elem_desc":
			[
				{"name":"tag","type":"SENUM","ref_name":"tcm_tag_value"},
				{"name":"paramSize","type":"TPM32"},
				{"name":"returnCode","type":"TPM32"},
                {"name":"PrintDataSize","type":"TPM32"},
                {"name":"PrintData","type":"DEFINE","def":"PrintDataSize"},
                {"name":"UnauthCode","type":"BINDATA","size":"32"},
                {"name":"authCode","type":"BINDATA","size":"32"}
			]
		}
		"flag_no":2,
		"index":
		[
			{
				"flag":"KEY",
				"elemlist":"PrintData"
			},
			{
				"flag":"INPUT",
				"elemlist":"nonce"
			}
		]
	}	
}
{
	"head":
	{
		"name":"tcm_in_ChangeAuth",
		"type":"RECORDTYPE"
	},
	"record":
	{
		"type":"VTCM_IN_AUTH2",
		"subtype":"CHANGEAUTH",
		"struct_desc":
		{
			"elem_desc":
			[
				{"name":"tag","type":"SENUM","ref_name":"tcm_tag_value"},
				{"name":"paramSize","type":"TPM32"},
				{"name":"ordinal","type":"ENUM","ref_name":"tcm_ordinal_value"},
				{"name":"parentHandle","type":"TPM32"},
                {"name":"portocolID","type":"TPM16"},
                {"name":"newAuth","type":"BINDATA","size":"32"},
                {"name":"entityType","type":"TPM16"},
                {"name":"encDataSize","type":"TPM32"},
                {"name":"encData","type":"DEFINE","def":"encDataSize"},
                {"name":"parentHandle","type":"TPM32"},
                {"name":"parentAuth","type":"BINDATA","size":"32"},
                {"name":"entityAuthHandle","type":"TPM32"},
                {"name":"entityAuth","type":"BINDATA","size":"32"}
			]
		}
	}	
}
{
	"head":
	{
		"name":"tcm_out_ChangeAuth",
		"type":"RECORDTYPE"
	},
	"record":
	{
		"type":"VTCM_OUT_AUTH2",
		"subtype":"CHANGEAUTH",
		"struct_desc":
		{
			"elem_desc":
			[
				{"name":"tag","type":"SENUM","ref_name":"tcm_tag_value"},
				{"name":"paramSize","type":"TPM32"},
				{"name":"returnCode","type":"TPM32"},
                {"name":"outDataSize","type":"TPM32"},
                {"name":"outData","type":"DEFINE","def":"outDataSize"},
                {"name":"resAuth","type":"BINDATA","size":"32"},
                {"name":"entityAuth","type":"BINDATA","size":"32"}
			]
		}
	}	
}
{
	"head":
	{
		"name":"tcm_in_OwnerReadInternalPub",
		"type":"RECORDTYPE"
	},
	"record":
	{
		"type":"VTCM_IN",
		"subtype":"OWNERREADINTERNALPUB",
		"struct_desc":
		{
			"elem_desc":
			[
				{"name":"tag","type":"SENUM","ref_name":"tcm_tag_value"},
				{"name":"paramSize","type":"TPM32"},
				{"name":"ordinal","type":"ENUM","ref_name":"tcm_ordinal_value"},
				{"name":"keyHandle","type":"TPM32"},
                {"name":"authHandle","type":"TPM32"},
                {"name":"ownerAuth","type":"BINDATA","size":"32"}
			]
		}
	}	
}
{
	"head":
	{
		"name":"tcm_out_OwnerReadInternalPub",
		"type":"RECORDTYPE"
	},
	"record":
	{
		"type":"VTCM_OUT",
		"subtype":"OWNERREADINTERNALPUB",
		"struct_desc":
		{
			"elem_desc":
			[
				{"name":"tag","type":"SENUM","ref_name":"tcm_tag_value"},
				{"name":"paramSize","type":"TPM32"},
				{"name":"returnCode","type":"TPM32"},
                {"name":"publicPortion","type":"SUBSTRUCT","ref_name":"tcm_key_pubkey"},
                {"name":"resAuth","type":"BINDATA","size":"32"}
			]
		}
	}	
}
{
	"head":
	{
		"name":"tcm_in_ChangeAuthOwner",
		"type":"RECORDTYPE"
	},
	"record":
	{
		"type":"VTCM_IN_AUTH1",
		"subtype":"CHANGEAUTHOWNER",
		"struct_desc":
		{
			"elem_desc":
			[
				{"name":"tag","type":"SENUM","ref_name":"tcm_tag_value"},
				{"name":"paramSize","type":"TPM32"},
				{"name":"ordinal","type":"ENUM","ref_name":"tcm_ordinal_value"},
                {"name":"portocolID","type":"TPM16"},
                {"name":"newAuth","type":"BINDATA","size":"32"},
                {"name":"entityType","type":"TPM16"},
                {"name":"ownerAuthHandle","type":"TPM32"},
                {"name":"ownerAuth","type":"BINDATA","size":"32"}
			]
		}
	}	
}
{
	"head":
	{
		"name":"tcm_out_ChangeAuthOwner",
		"type":"RECORDTYPE"
	},
	"record":
	{
		"type":"VTCM_OUT_AUTH1",
		"subtype":"CHANGEAUTHOWNER",
		"struct_desc":
		{
			"elem_desc":
			[
				{"name":"tag","type":"SENUM","ref_name":"tcm_tag_value"},
				{"name":"paramSize","type":"TPM32"},
				{"name":"returnCode","type":"TPM32"},
                {"name":"resAuth","type":"BINDATA","size":"32"}
			]
		}
	}	
}
{
    "head":
    {
        "name":"tcm_pik_cert",
        "type":"RECORDTYPE"
    },
    "record":
    {
        "type":"VTCM_UTILS",
        "subtype":"TCM_PIK_CERT",
        "struct_desc":
        {
            "elem_desc":
            [
                {"name":"payload","type":"UCHAR"},
                {"name":"userDigest","type":"BINDATA","size":"32"},
                {"name":"pubDigest","type":"BINDATA","size":"32"},
                {"name":"signLen","type":"INT"},
                {"name":"signData","type":"DEFINE","def":"signLen"}
            ]
        }
    }
}
