{
        "head":
        {
                "name":"dtype_vtcm_general",
                "type":"TYPELIST"
        },
        "record":
        {
                "elem_no":10,
                "elemlist":
                [
                        "VTCM_INTERNAL=0x2001",
                        "VTCM_EXTERNAL=0x2002",
                        "VTCM_IN_CAP=0x2003",
			"VTCM_IN_KEY=0x2004",
                        "VTCM_NV=0x2005",
                        "VTCM_PCR=0x2006",
                        "VTCM_AUTH=0x2007",
                        "VTCM_KEY=0x2008",
                        "VTCM_IDENTITY=0x2009",
                        "VTCM_SEAL=0x200A"
                ]
        }
}
{
        "head":
        {
                "name":"subtype_vtcm_internal",
                "type":"SUBTYPELIST"
        },
        "record":
        {
                "type":"VTCM_INTERNAL",
                "elem_no":1,
                "elemlist":
                [
                        "TCM_CURRENT_TICKS=0x01"
                ]
        }
}
{
        "head": 
        {
                "name":"subtype_vtcm_external",
                "type":"SUBTYPELIST"
        },
        "record":
        {    
                "type":"VTCM_EXTERNAL",
                "elem_no":2,
                "elemlist":
                [
                        "INPUT_COMMAND=0x01",
                        "RETURN_DATA=0x02"
                ]
        }
}   
{
        "head": 
        {
                "name":"subtype_vtcm_capability_struct",
                "type":"SUBTYPELIST"
        },
        "record":
        {    
                "type":"VTCM_IN_CAP",
                "elem_no":3,
                "elemlist":
                [
                        "TCM_CAP_VERSION_STRUCT=0x01",
                        "TCM_CAP_VERSION_INFO",
                        "TCM_CAP_DIGEST"
                ]
        }
}
{
        "head": 
        {
                "name":"subtype_vtcm_pcr_struct",
                "type":"SUBTYPELIST"
        },
        "record":
        {    
                "type":"VTCM_PCR",
                "elem_no":7,
                "elemlist":
                [
                        "TCM_PCR_ATTRIBUTES=0x01",
                        "TCM_PCR_SELECTION",
                        "TCM_PCR_COMPOSITE",
                        "TCM_PCR_INFO_SHORT",
                        "TCM_PCR_INFO_LONG",
                        "QUOTE_INFO",
			"CERTIFY_INFO"
                ]
        }
}
{
        "head":
        {   
                "name":"subtype_vtcm_in_key",
                "type":"SUBTYPELIST"
        },  
        "record":
        {
                "type":"VTCM_IN_KEY",
                "elem_no":11,
                "elemlist":
                [   
                        "TCM_BIN_KEY_PARMS=0x01",
                        "TCM_BIN_STORE_PUBKEY",
                        "TCM_BIN_PUBKEY",
                        "TCM_BIN_RSA_KEY_PARMS",
                        "TCM_BIN_SM2_ASYMKEY_PARMS",
                        "TCM_BIN_SYMMETRIC_KEY_PARMS",
                        "TCM_BIN_STORE_ASYMKEY",
                        "TCM_BIN_STORE_SYMKEY",
                        "TCM_BIN_STORE_PRIVKEY",
                        "TCM_BIN_KEY",
                        "TCM_BIN_SYMMETRIC_KEY"
                ]   
        }   
}
{
    "head":
    {
        "name":"subtype_vtcm_identity",
        "type":"SUBTYPELIST"
    },
    "record":
    {
        "type":"VTCM_IDENTITY",
        "elem_no":8,
        "elemlist":
            [
                "TCM_IDENTITY_CONTENTS=0x01",
                "TCM_IDENTITY_REQ",
                "TCM_PEK_REQ",
                "TCM_IDENTITY_PROOF",
                "TCM_PEK_PROOF",
                "TCM_ASYM_CA_CONTENTS",
                "TCM_STRUCT_VER",
                "TCM_SYMMETRIC_KEY"
            ]
    }
}
{
    "head":
    {
        "name":"subtype_vtcm_seal",
        "type":"SUBTYPELIST"
    },
    "record":
    {
        "type":"VTCM_SEAL",
        "elem_no":2,
        "elemlist":
            [
                "TCM_SEALED_DATA=0x01",
                "TCM_STORED_DATA=0x02"
            ]
    }
}
{
        "head":
        {
                "name":"vtcm_external_input_command",
                "type":"RECORDTYPE"
        },
        "record":
        {
                "type":"VTCM_EXTERNAL",
                "subtype":"INPUT_COMMAND",
                "struct_desc":
                {
                        "elem_desc":
                        [
                                {"name":"tag","type":"SENUM","ref_name":"tcm_tag_value"},
                                {"name":"paramSize","type":"TPM32"},
                                {"name":"ordinal","type":"ENUM","ref_name":"tcm_ordinal_value"}
                        ]
                }
        }
}
{
        "head":
        {
                "name":"vtcm_external_return_data",
                "type":"RECORDTYPE"
        },
        "record":
        {
                "type":"VTCM_EXTERNAL",
                "subtype":"RETURN_DATA",
                "struct_desc":
                {
                        "elem_desc":
                        [
                                {"name":"tag","type":"SENUM","ref_name":"tcm_tag_value"},
                                {"name":"paramSize","type":"TPM32"},
                                {"name":"returnCode","type":"TPM32"}
                        ]
                }
        }
}
{   
        "head":
        { 
                "name":"tcm_internal_CURRENTTICKS",
                "type":"RECORDTYPE"
        },
        "record":
        {
                "type":"VTCM_INTERNAL",
                "subtype":"CURRENT_TICKS",
                "struct_desc":
                {
                        "elem_desc":
                        [
                                {"name":"pcrIndex","type":"TPM32"}
                        ]
                }
        }
}
{   
        "head":
        { 
                "name":"tcm_version_struct",
                "type":"RECORDTYPE"
        },
        "record":
        {
                "type":"VTCM_IN_CAP",
                "subtype":"TCM_CAP_VERSION_STRUCT",
                "struct_desc":
                {
                        "elem_desc":
                        [
                                {"name":"major","type":"UCHAR"},
                                {"name":"minor","type":"UCHAR"},
                                {"name":"revMajor","type":"UCHAR"},
                                {"name":"revMinor","type":"UCHAR"}
                        ]
                }
        }
}
{   
        "head":
        { 
                "name":"tcm_cap_version_info",
                "type":"RECORDTYPE"
        },
        "record":
        {
                "type":"VTCM_IN_CAP",
                "subtype":"TCM_CAP_VERSION_INFO",
                "struct_desc":
                {
                        "elem_desc":
                        [
                                {"name":"tag","type":"SENUM","ref_name":"tcm_struct_value"},
                                {"name":"version","type":"SUBSTRUCT","ref_name":"tcm_version_struct"},
                                {"name":"specLevel","type":"TPM16"},
                                {"name":"errataRev","type":"UCHAR"},
                                {"name":"tcmVendorID","type":"BINDATA","size":"4"},
                                {"name":"vendorSpecificSize","type":"TPM16"},
                                {"name":"vendorSpecific","type":"DEFINE","def":"vendorSpecificSize"}
                        ]
                }
        }
}
{
        "head":
        {
                "name":"tcm_key_parms",
                "type":"RECORDTYPE"
        },
        "record":
        {
                "type":"VTCM_IN_KEY",
                "subtype":"TCM_BIN_KEY_PARMS",
                "struct_desc":
                {
                        "elem_desc":
                        [
                                {"name":"algorithmID","type":"TPM32"},
                                {"name":"encScheme","type":"TPM16"},
                                {"name":"sigScheme","type":"TPM16"},
                                {"name":"parmSize","type":"TPM32"},
                                {"name":"parms","type":"DEFINE","def":"parmSize"}
                        ]
                }
        }
}

{
        "head":
        {
                "name":"tcm_key_store_pubkey",
                "type":"RECORDTYPE"
        },
        "record":
        {
                "type":"VTCM_IN_KEY",
                "subtype":"TCM_BIN_STORE_PUBKEY",
                "struct_desc":
                {
                        "elem_desc":
                        [
                                {"name":"keyLength","type":"TPM32"},
                                {"name":"key","type":"DEFINE","def":"keyLength"}
                        ]
                }
        }
}
{
        "head":
        {
                "name":"tcm_key_store_privkey",
                "type":"RECORDTYPE"
        },
        "record":
        {
                "type":"VTCM_IN_KEY",
                "subtype":"TCM_BIN_STORE_PRIVKEY",
                "struct_desc":
                {
                        "elem_desc":
                        [
                                {"name":"keyLength","type":"TPM32"},
                                {"name":"key","type":"DEFINE","def":"keyLength"}
                        ]
                }
        }
}
{
        "head":
        {
                "name":"tcm_key_symmetric_key",
                "type":"RECORDTYPE"
        },
        "record":
        {
                "type":"VTCM_IN_KEY",
                "subtype":"TCM_BIN_SYMMETRIC_KEY",
                "struct_desc":
                {
                        "elem_desc":
                        [
                                {"name":"algId","type":"TPM32"},
                                {"name":"encScheme","type":"TPM16"},
				{"name":"size","type":"TPM16"},
				{"name":"data","type":"DEFINE","def":"size"}
                        ]
                }
        }
}
{
        "head":
        {
                "name":"tcm_key_pubkey",
                "type":"RECORDTYPE"
        },
        "record":
        {
                "type":"VTCM_IN_KEY",
                "subtype":"TCM_BIN_PUBKEY",
                "struct_desc":
                {
                        "elem_desc":
                        [
                                {"name":"algorithmParms","type":"SUBSTRUCT","ref_name":"tcm_key_parms"},
                                {"name":"pubKey","type":"SUBSTRUCT","ref_name":"tcm_key_store_pubkey"}
                        ]
                }
        }
}
{
        "head":
        {
                "name":"tcm_rsa_key_parms",
                "type":"RECORDTYPE"
        },
        "record":
        {
                "type":"VTCM_IN_KEY",
                "subtype":"TCM_BIN_RSA_KEY_PARMS",
                "struct_desc":
                {
                        "elem_desc":
                        [
                                {"name":"keyLength","type":"TPM32"},
                                {"name":"numPrimes","type":"TPM32"},
                                {"name":"exponentSize","type":"TPM32"},
                                {"name":"exponent","type":"DEFINE","def":"exponentSize"}
                        ]
                }
        }
}
{
        "head":
        {
                "name":"tcm_sm2_asymkey_parameters",
                "type":"RECORDTYPE"
        },
        "record":
        {
                "type":"VTCM_IN_KEY",
                "subtype":"TCM_BIN_SM2_ASYMKEY_PARMS",
                "struct_desc":
                {
                        "elem_desc":
                        [
                                {"name":"keyLength","type":"TPM32"}
                        ]
                }
        }
}
{
        "head":
        {
                "name":"tcm_symmetric_key_parms",
                "type":"RECORDTYPE"
        },
        "record":
        {
                "type":"VTCM_IN_KEY",
                "subtype":"TCM_BIN_SYMMETRIC_KEY_PARMS",
                "struct_desc":
                {
                        "elem_desc":
                        [
                                {"name":"keyLength","type":"TPM32"},
                                {"name":"blockSize","type":"TPM32"},
                                {"name":"ivSize","type":"TPM32"},
                                {"name":"IV","type":"DEFINE","def":"ivSize"}
                        ]
                }
        }
}
{
        "head":
        {   
                "name":"tcm_key",
                "type":"RECORDTYPE"
        },  
        "record":
        {   
                "type":"VTCM_IN_KEY",
                "subtype":"TCM_BIN_KEY",
                "struct_desc":
                {   
                        "elem_desc":
                        [   
                                {"name":"ver","type":"SUBSTRUCT","ref_name":"tcm_version_struct"},
                                {"name":"keyUsage","type":"TPM16"},
                                {"name":"keyFlags","type":"TPM32"},
                                {"name":"authDataUsage","type":"UCHAR"},
                                {"name":"algorithmParms","type":"SUBSTRUCT","ref_name":"tcm_key_parms"},
                                {"name":"PCRInfoSize","type":"TPM32"},
                                {"name":"PCRInfo","type":"DEFINE","def":"PCRInfoSize"},
                                {"name":"pubKey","type":"SUBSTRUCT","ref_name":"tcm_key_store_pubkey"},
                                {"name":"encDataSize","type":"TPM32"},
                                {"name":"encData","type":"DEFINE","def":"encDataSize"}
                        ]
                }
        }
}
{
        "head":
        {
                "name":"subtype_vtcm_nv",
                "type":"SUBTYPELIST"
        },
        "record":
        {
                "type":"VTCM_NV",
                "elem_no":3,
                "elemlist":
                [
                        "TCM_NV_DATA_PUBLIC=0x01",
                        "TCM_NV_ATTRIBUTES=0x02",
                        "TCM_NV_DATA_SENSITIVE=0x03"
                ]
                                                                                    
        }
}
{
        "head":
        {
                "name":"subtype_vtcm_auth",
                "type":"SUBTYPELIST"
        },
        "record":
        {
                "type":"VTCM_AUTH",
                "elem_no":1,
                "elemlist":
                [
                        "TCM_SESSION_DATA=0x01"
                ]
                                                                                    
        }
}
{
        "head":
        {
                "name":"subtype_vtcm_key",
                "type":"SUBTYPELIST"
        },
        "record":
        {
                "type":"VTCM_KEY",
                "elem_no":1,
                "elemlist":
                [
                        "TCM_KEY_HANDLE_ENTRY=0x01"
                ]
                                                                                    
        }
}
{
        "head":
        {
                "name":"tcm_pcr_selection",
                "type":"RECORDTYPE"
        },
        "record":
        {
                "type":"VTCM_PCR",
                "subtype":"TCM_PCR_SELECTION",
                "struct_desc":
                {
                        "elem_desc":
                        [
                                {"name":"sizeOfSelect","type":"TPM16"},
                                {"name":"pcrSelect","type":"BINDATA","size":"3"}
                        ]
                }
        }
}
{
        "head":
        {
                "name":"tcm_pcr_info_short",
                "type":"RECORDTYPE"
        },
        "record":
        {
                "type":"VTCM_PCR",
                "subtype":"TCM_PCR_INFO_SHORT",
                "struct_desc":
                {
                        "elem_desc":
                        [
                                {"name":"pcrSelection","type":"SUBSTRUCT","ref_name":"tcm_pcr_selection"},
                                {"name":"localityAtRelease","type":"UCHAR"},
                                {"name":"digestAtRelease","type":"BINDATA","size":"32"}
                        ]
                }
        }
}
{
	"head":
	{
		"name":"tcm_pcr_composite",
		"type":"RECORDTYPE"
	},
	"record":
	{
		"type":"VTCM_PCR",
		"subtype":"TCM_PCR_COMPOSITE",
		"struct_desc":
		{
			"elem_desc":
			[
				{"name":"select","type":"SUBSTRUCT","ref_name":"tcm_pcr_selection"},
				{"name":"valueSize","type":"TPM32"},
				{"name":"pcrValue","type":"DEFINE","def":"valueSize"}
			]
		}
	}	
}
{
        "head":
        {
                "name":"tcm_pcr_info_long",
                "type":"RECORDTYPE"
        },
        "record":
        {
                "type":"VTCM_PCR",
                "subtype":"TCM_PCR_INFO_LONG",
                "struct_desc":
                {
                        "elem_desc":
                        [
                                {"name":"tag","type":"TPM16"},
                                {"name":"localityAtCreation","type":"UCHAR"},
                                {"name":"localityAtRelease","type":"UCHAR"},
                                {"name":"creationPcrSelection","type":"SUBSTRUCT","ref_name":"tcm_pcr_selection"},
                                {"name":"releasePcrSelection","type":"SUBSTRUCT","ref_name":"tcm_pcr_selection"},
                                {"name":"digestAtCreation","type":"BINDATA","size":"32"},
                                {"name":"digestAtRelease","type":"BINDATA","size":"32"}
                        ]
                }
        }
}
{
	"head":
	{
		"name":"tcm_quote_info",
		"type":"RECORDTYPE"
	},
	"record":
	{
		"type":"VTCM_PCR",
		"subtype":"QUOTE_INFO",
		"struct_desc":
		{
			"elem_desc":
			[
				{"name":"tag","type":"TPM16"},
				{"name":"fixed","type":"STRING","size":4},
				{"name":"externalData","type":"BINDATA","size":32},
				{"name":"info","type":"SUBSTRUCT","ref_name":"tcm_pcr_info_long"}
			]
		}
	}	
}
{
	"head":
	{
		"name":"tcm_certify_info",
		"type":"RECORDTYPE"
	},
	"record":
	{
		"type":"VTCM_PCR",
		"subtype":"CERTIFY_INFO",
		"struct_desc":
		{
			"elem_desc":
			[
                                {"name":"version","type":"SUBSTRUCT","ref_name":"tcm_version_struct"},
				{"name":"keyUsage","type":"TPM16"},
				{"name":"keyFlags","type":"TPM32"},
				{"name":"authDataUsage","type":"UCHAR"},
				{"name":"algorithmParms","type":"SUBSTRUCT","ref_name":"tcm_key_parms"},
				{"name":"pubkeyDigest","type":"BINDATA","size":32},
				{"name":"data","type":"BINDATA","size":32},
				{"name":"parentPCRStatus","type":"UCHAR"},
				{"name":"PCRInfoSize","type":"TPM32"},
				{"name":"PCRInfo","type":"DEFINE","def":"PCRInfoSize"}
			]
		}
	}	
}
{
    "head":
    {
        "name":"tcm_nv_attributes",
        "type":"RECORDTYPE"
    },
    "record":
    {
        "type":"VTCM_NV",
        "subtype":"TCM_NV_ATTRIBUTES",
        "struct_desc":
        {
            "elem_desc":
            [
                {"name":"tag","type":"SENUM","ref_name":"tcm_struct_value"},
                {"name":"attributes","type":"TPM32"}
            ]
        }
    }
}
{
    "head":
    {
        "name":"tcm_nv_data_public",
        "type":"RECORDTYPE"
    },
    "record":
    {
        "type":"VTCM_NV",
        "subtype":"TCM_NV_DATA_PUBLIC",
        "struct_desc":
        {
            "elem_desc":
            [
                {"name":"tag","type":"SENUM","ref_name":"tcm_struct_value"},
                {"name":"nvIndex","type":"TPM32"},
                {"name":"pcrInfoRead","type":"SUBSTRUCT","ref_name":"tcm_pcr_info_long"},
                {"name":"pcrInfoWrite","type":"SUBSTRUCT","ref_name":"tcm_pcr_info_long"},
                {"name":"permission","type":"SUBSTRUCT","ref_name":"tcm_nv_attributes"},
                {"name":"bReadSTClear","type":"UCHAR"},
                {"name":"bWriteSTClear","type":"UCHAR"},
                {"name":"bWriteDefine","type":"UCHAR"},
                {"name":"dataSize","type":"TPM32"}
            ]
        }
    }
}
{
    "head":
    {
        "name":"tcm_nv_data_sensitive",
        "type":"RECORDTYPE"
    },
    "record":
    {
        "type":"VTCM_NV",
        "subtype":"TCM_NV_DATA_SENSITIVE",
        "struct_desc":
        {
            "elem_desc":
            [
                {"name":"tag","type":"SENUM","ref_name":"tcm_struct_value"},
                {"name":"pubInfo","type":"SUBSTRUCT","ref_name":"tcm_nv_data_public"},
                {"name":"authValue","type":"BINDATA","size":32},
                {"name":"data","type":"DEFINE","def":"pubInfo.dataSize"}
            ]
        }
    }
}
{
    "head":
    {
        "name":"tcm_pcr_attributes",
        "type":"RECORDTYPE"
    },
    "record":
    {
        "type":"VTCM_PCR",
        "subtype":"TCM_PCR_ATTRIBUTES",
        "struct_desc":
        {
            "elem_desc":
            [
                {"name":"pcrReset","type":"UCHAR"},
                {"name":"pcrExtendLocal","type":"UCHAR"},
                {"name":"pcrResetLocal","type":"UCHAR"}
            ]
        }
    }
}
{
    "head":
    {
        "name":"tcm_session_data",
        "type":"RECORDTYPE"
    },
    "record":
    {
        "type":"VTCM_AUTH",
        "subtype":"TCM_SESSION_DATA",
        "struct_desc":
        {
            "elem_desc":
            [
                {"name":"SERIAL","type":"TPM32"},
                {"name":"handle","type":"TPM32"},
                {"name":"protocolID","type":"TPM16"},
                {"name":"entityTypeByte","type":"BINDATA"},
                {"name":"adipEncScheme","type":"BINDATA"},
                {"name":"nonceEven","type":"BINDATA"},
                {"name":"sharedSecret","type":"BINDATA"},
                {"name":"entityDigest","type":"BINDATA"},
                {"name":"valid","type":"UCHAR"}
            ]
        }
    }
}
{
    "head":
    {
        "name":"tcm_key_handle_entry",
        "type":"RECORDTYPE"
    },
    "record":
    {
        "type":"VTCM_KEY",
        "subtype":"TCM_KEY_HANDLE_ENTRY",
        "struct_desc":
        {
            "elem_desc":
            [
                {"name":"handle","type":"TPM32"},
                {"name":"key","type":"SUBSTRUCT","ref_name":"tcm_key"},
                {"name":"parentPCRStatus","type":"UCHAR"},
                {"name":"keyControl","type":"TPM32"}
            ]
        }
    }
}
{
    "head":
    {
        "name":"tcm_digest",
        "type":"RECORDTYPE"
    },
    "record":
    {
        "type":"VTCM_IN_CAP",
        "subtype":"TCM_CAP_DIGEST",
        "struct_desc":
        {
            "elem_desc":
            [
                {"name":"digest","type":"BINDATA","size":"32"}
            ]
        }
    }
}
{
    "head":
    {
        "name":"tcm_store_symkey",
        "type":"RECORDTYPE"
    },
    "record":
    {
        "type":"VTCM_IN_KEY",
        "subtype":"TCM_BIN_STORE_SYMKEY",
        "struct_desc":
        {
            "elem_desc":
            [
                {"name":"payload","type":"UCHAR"},
                {"name":"usageAuth","type":"BINDATA","size":"32"},
                {"name":"migrationAuth","type":"BINDATA","size":"32"},
                {"name":"size","type":"TPM16"},
                {"name":"data","type":"DEFINE","def":"size"}
            ]
        }
    }
}
{
    "head":
    {
        "name":"tcm_store_asymkey",
        "type":"RECORDTYPE"
    },
    "record":
    {
        "type":"VTCM_IN_KEY",
        "subtype":"TCM_BIN_STORE_ASYMKEY",
        "struct_desc":
        {
            "elem_desc":
            [
                {"name":"payload","type":"UCHAR"},
                {"name":"usageAuth","type":"BINDATA","size":"32"},
                {"name":"migrationAuth","type":"BINDATA","size":"32"},
                {"name":"pubDataDigest","type":"SUBSTRUCT","ref_name":"tcm_digest"},
                {"name":"privKey","type":"SUBSTRUCT","ref_name":"tcm_key_store_pubkey"}
            ]
        }
    }
}
{
    "head":
    {
        "name":"tcm_struct_ver",
        "type":"RECORDTYPE"
    },
    "record":
    {
        "type":"VTCM_IDENTITY",
        "subtype":"TCM_STRUCT_VER",
        "struct_desc":
        {
            "elem_desc":
            [
                {"name":"major","type":"UCHAR"},
                {"name":"minor","type":"UCHAR"},
                {"name":"revMajor","type":"UCHAR"},
                {"name":"revMinor","type":"UCHAR"}
            ]
        }
    }
}
{
    "head":
    {
        "name":"tcm_identity_contents",
        "type":"RECORDTYPE"
    },
    "record":
    {
        "type":"VTCM_IDENTITY",
        "subtype":"TCM_IDENTITY_CONTENTS",
        "struct_desc":
        {
            "elem_desc":
            [
                {"name":"ver","type":"TPM32"},
                {"name":"ordinal","type":"TPM32"},
                {"name":"labelPrivCADigest","type":"SUBSTRUCT","ref_name":"tcm_digest"},
                {"name":"identityPubKey","type":"SUBSTRUCT","ref_name":"tcm_key_pubkey"}
            ]
        }
    }
}
{
    "head":
    {
        "name":"tcm_identity_req",
        "type":"RECORDTYPE"
    },
    "record":
    {
        "type":"VTCM_IDENTITY",
        "subtype":"TCM_IDENTITY_REQ",
        "struct_desc":
        {
            "elem_desc":
            [
                {"name":"AsymSize","type":"TPM32"},
                {"name":"SymSize","type":"TPM32"},
                {"name":"asymAlgorithm","type":"SUBSTRUCT","ref_name":"tcm_key_parms"},
                {"name":"symAlgorithm","type":"SUBSTRUCT","ref_name":"tcm_key_parms"},
                {"name":"AsymBlob","type":"DEFINE","def":"AsymSize"},
                {"name":"SymBlob","type":"DEFINE","def":"SymSize"}
            ]
        }
    }
}
{
    "head":
    {
        "name":"tcm_pek_req",
        "type":"RECORDTYPE"
    },
    "record":
    {
        "type":"VTCM_IDENTITY",
        "subtype":"TCM_PEK_REQ",
        "struct_desc":
        {
            "elem_desc":
            [
                {"name":"AsymSize","type":"TPM32"},
                {"name":"SymSize","type":"TPM32"},
                {"name":"asymAlgorithm","type":"SUBSTRUCT","ref_name":"tcm_key_parms"},
                {"name":"symAlgorithm","type":"SUBSTRUCT","ref_name":"tcm_key_parms"},
                {"name":"AsymBlob","type":"DEFINE","def":"AsymSize"},
                {"name":"SymBlob","type":"DEFINE","def":"SymSize"}
            ]
        }
    }
}
{
    "head":
    {
        "name":"tcm_identity_proof",
        "type":"RECORDTYPE"
    },
    "record":
    {
        "type":"VTCM_IDENTITY",
        "subtype":"TCM_IDENTITY_PROOF",
        "struct_desc":
        {
            "elem_desc":
            [
                {"name":"Ver","type":"TPM32"},
                {"name":"LabelSize","type":"TPM32"},
                {"name":"IdentityBindingSize","type":"TPM32"},
                {"name":"EndorsementSize","type":"TPM32"},
                {"name":"IdentityKey","type":"SUBSTRUCT","ref_name":"tcm_key_pubkey"},
                {"name":"LabelArea","type":"DEFINE","def":"LabelSize"},
                {"name":"IdentityBinding","type":"DEFINE","def":"IdentityBindingSize"},
                {"name":"EndorsementCredential","type":"DEFINE","def":"EndorsementSize"}
            ]
        }
    }
}
{
    "head":
    {
        "name":"tcm_pek_proof",
        "type":"RECORDTYPE"
    },
    "record":
    {
        "type":"VTCM_IDENTITY",
        "subtype":"TCM_PEK_PROOF",
        "struct_desc":
        {
            "elem_desc":
            [
                {"name":"Ver","type":"TPM32"},
                {"name":"LabelSize","type":"TPM32"},
                {"name":"EndorsementSize","type":"TPM32"},
                {"name":"IdentityKey","type":"SUBSTRUCT","ref_name":"tcm_key_pubkey"},
                {"name":"LabelArea","type":"DEFINE","def":"LabelSize"},
                {"name":"EndorsementCredential","type":"DEFINE","def":"EndorsementSize"}
            ]
        }
    }
}
{
    "head":
    {
        "name":"tcm_sealed_data",
        "type":"RECORDTYPE"
    },
    "record":
    {
        "type":"VTCM_SEAL",
        "subtype":"TCM_SEALED_DATA",
        "struct_desc":
        {
            "elem_desc":
            [
                {"name":"payload","type":"UCHAR"},
                {"name":"authDAta","type":"BINDATA","size":"32"},
                {"name":"tcmProof","type":"BINDATA","size":"32"},
                {"name":"storedDigest","type":"SUBSTRUCT","ref_name":"tcm_digest"},
                {"name":"dataSize","type":"TPM32"},
                {"name":"data","type":"DEFINE","def":"dataSize"}
            ]
        }
    }
}
{
    "head":
    {
        "name":"tcm_stored_data",
        "type":"RECORDTYPE"
    },
    "record":
    {
        "type":"VTCM_SEAL",
        "subtype":"TCM_STORED_DATA",
        "struct_desc":
        {
            "elem_desc":
            [
                {"name":"tag","type":"TPM16"},
                {"name":"et","type":"TPM16"},
                {"name":"sealInfoSize","type":"TPM32"},
                {"name":"sealInfo","type":"DEFINE","def":"sealInfoSize"},
                {"name":"encDataSize","type":"TPM32"},
                {"name":"encData","type":"DEFINE","def":"encDataSize"}
            ]
        }
        "flag_no":1,
	"index":
	[
		{
			"flag":"KEY",
			"elemlist":"tag,et,sealInfoSize,sealInfo"
		}
	]
    }
}
{
    "head":
    {
        "name":"tcm_asym_ca_contents",
        "type":"RECORDTYPE"
    },
    "record":
    {
        "type":"VTCM_IDENTITY",
        "subtype":"TCM_ASYM_CA_CONTENTS",
        "struct_desc":
        {
            "elem_desc":
            [
                {"name":"sessionKey","type":"SUBSTRUCT","ref_name":"tcm_key_symmetric_key"},
                {"name":"idDigest","type":"BINDATA","size":"32"}
            ]
        }
    }
}
