{	
	"head":
	{
		"name":"dtype_tspi_define",
		"type":"TYPELIST"
	},
	"record":
	{
		"elem_no":3,
		"elemlist":
		[
			"TSPI_GENERAL=0x2110",
			"TSPI_IN=0x2111",
			"TSPI_OUT=0x2112"
		]
	}
}
{
	"head":
	{
		"name":"subtype_tspi_general",
		"type":"SUBTYPELIST"
	},
	"record":
	{
		"type":"TSPI_GENERAL",
		"elem_no":3,
		"elemlist":
		[
            		"TSM_PCR_EVENT=0x01",
            		"TSM_EVENT_CERT",
            		"TSM_UUID"
		]
	}
}
{
	"head":
	{
		"name":"subtype_tspi_in",
		"type":"SUBTYPELIST"
	},
	"record":
	{
		"type":"TSPI_IN",
		"elem_no":14,
		"elemlist":
		[
            		"GETTCMOBJECT=0x01",
            		"GETRANDOM",
            		"PCREXTEND",
            		"PCRREAD",
            		"CREATEOBJECT",
            		"SELECTPCRINDEX",
            		"PCRRESET",
            		"GETPOLICYOBJECT",
            		"SETSECRET",
                        "LOADKEYBYUUID",
                        "ASSIGNTOOBJECT",
                        "CREATEKEY",
            		"GETPUBENDORSEMENTKEY",
            		"TAKEOWNERSHIP"
		]
	}
}
{
	"head":
	{
		"name":"subtype_tspi_out",
		"type":"SUBTYPELIST"
	},
	"record":
	{
		"type":"TSPI_OUT",
		"elem_no":14,
		"elemlist":
		[
            		"GETTCMOBJECT=0x01",
            		"GETRANDOM",
            		"PCREXTEND",
            		"PCRREAD",
            		"CREATEOBJECT",
            		"SELECTPCRINDEX",
            		"PCRRESET",
            		"GETPOLICYOBJECT",
            		"SETSECRET",
                        "LOADKEYBYUUID",
                        "ASSIGNTOOBJECT",
                        "CREATEKEY",
            		"GETPUBENDORSEMENTKEY",
            		"TAKEOWNERSHIP"
		]
	}
}
{
        "head":
        {
                "name":"_tdTSM_PCR_EVENT",
                "type":"RECORDTYPE"
        },
        "record":
        {
                "type":"TSPI_GENERAL",
                "subtype":"TSM_PCR_EVENT",
                "struct_desc":
                {
                        "elem_desc":
                         [
                                {"name":"versionInfo","type":"SUBSTRUCT","ref_name":"tcm_struct_ver"},
                                {"name":"ulPcrIndex","type":"INT"},
                                {"name":"eventType","type":"INT"},
                                {"name":"ulPcrValueLength","type":"INT"},
                                {"name":"rgbPcrValue","type":"DEFINE","def":"ulPcrValueLength"},
                                {"name":"ulEventLength","type":"INT"},
                                {"name":"rgbEvent","type":"DEFINE","def":"ulEventLength"}
                         ]
                }
        }
}
{
        "head":
        {
                "name":"_tdTSM_UUID",
                "type":"RECORDTYPE"
        },
        "record":
        {
                "type":"TSPI_GENERAL",
                "subtype":"TSM_UUID",
                "struct_desc":
                {
                        "elem_desc":
                         [
                                {"name":"ulTimeLow","type":"INT"},
                                {"name":"ulTimeMid","type":"USHORT"},
                                {"name":"ulTimeHigh","type":"USHORT"},
                                {"name":"bClockSeqHigh","type":"UCHAR"},
                                {"name":"bClockSeqLow","type":"UCHAR"},
                                {"name":"rgbNode","type":"BINDATA","size":6}
                         ]
                }
        }
}
{
        "head":
        {
                "name":"_tdTSM_EVENT_CERT",
                "type":"RECORDTYPE"
        },
        "record":
        {
                "type":"TSPI_GENERAL",
                "subtype":"TSM_EVENT_CERT",
                "struct_desc":
                {
                        "elem_desc":
                         [
                                {"name":"versionInfo","type":"SUBSTRUCT","ref_name":"tcm_struct_ver"},
                                {"name":"ulCertificateHashLength","type":"INT"},
                                {"name":"rgbCertificateHash","type":"DEFINE","def":"ulCertificateHashLength"},
                                {"name":"ulEntityDigestLength","type":"INT"},
                                {"name":"rgbEntityDigest","type":"DEFINE","def":"ulEntityDigestLength"},
                                {"name":"fDigestChecked","type":"UCHAR"},
                                {"name":"fDigestVerified","type":"UCHAR"},
                                {"name":"ulIssuerLength","type":"INT"},
                                {"name":"rgbIssuer","type":"DEFINE","def":"ulIssuerLength"}
                         ]
                }
        }
}
{
        "head":
        {
                "name":"tspi_in_GetTcmObject",
                "type":"RECORDTYPE"
        },
        "record":
        {
                "type":"TSPI_IN",
                "subtype":"GETTCMOBJECT",
                "struct_desc":
                {
                        "elem_desc":
                         [
                                {"name":"apino","type":"INT"},
                                {"name":"paramSize","type":"INT"},
                                {"name":"hContext","type":"INT"}
                         ]
                }
        }
}
{
        "head":
        {
                "name":"tspi_out_GetTcmObject",
                "type":"RECORDTYPE"
        },
        "record":
        {
                "type":"TSPI_OUT",
                "subtype":"GETTCMOBJECT",
                "struct_desc":
                {
                        "elem_desc":
                         [
                                {"name":"returncode","type":"INT"},
                                {"name":"paramSize","type":"INT"},
                                {"name":"hTCM","type":"INT"}
                         ]
                }
        }
}
{
        "head":
        {
                "name":"tspi_in_GetRandom",
                "type":"RECORDTYPE"
        },
        "record":
        {
                "type":"TSPI_IN",
                "subtype":"GETRANDOM",
                "struct_desc":
                {
                        "elem_desc":
                         [
                                {"name":"apino","type":"INT"},
                                {"name":"paramSize","type":"INT"},
                                {"name":"hTCM","type":"INT"},
                                {"name":"ulRandomDataLength","type":"INT"}
                         ]
                }
        }
}
{
        "head":
        {
                "name":"tspi_out_GetRandom",
                "type":"RECORDTYPE"
        },
        "record":
        {
                "type":"TSPI_OUT",
                "subtype":"GETRANDOM",
                "struct_desc":
                {
                        "elem_desc":
                         [
                                {"name":"returncode","type":"INT"},
                                {"name":"paramSize","type":"INT"},
                                {"name":"ulRandomDataLength","type":"INT"},
                                {"name":"rgbRandomData","type":"DEFINE","def":"ulRandomDataLength"}
                         ]
                }
        }
}
{
        "head":
        {
                "name":"tspi_in_PcrExtend",
                "type":"RECORDTYPE"
        },
        "record":
        {
                "type":"TSPI_IN",
                "subtype":"PCREXTEND",
                "struct_desc":
                {
                        "elem_desc":
                         [
                                {"name":"apino","type":"INT"},
                                {"name":"paramSize","type":"INT"},
                                {"name":"hTCM","type":"INT"},
                                {"name":"ulPcrIndex","type":"INT"},
                                {"name":"ulPcrDataLength","type":"INT"},
                                {"name":"pbPcrData","type":"DEFINE","def":"ulPcrDataLength"}
                         ]
                }
        }
}
{
        "head":
        {
                "name":"tspi_out_PcrExtend",
                "type":"RECORDTYPE"
        },
        "record":
        {
                "type":"TSPI_OUT",
                "subtype":"PCREXTEND",
                "struct_desc":
                {
                        "elem_desc":
                         [
                                {"name":"returncode","type":"INT"},
                                {"name":"paramSize","type":"INT"},
                                {"name":"ulPcrValueLength","type":"INT"},
                                {"name":"rgbPcrValue","type":"DEFINE","def":"ulPcrValueLength"}
                         ]
                }
        }
}
{
        "head":
        {
                "name":"tspi_in_PcrRead",
                "type":"RECORDTYPE"
        },
        "record":
        {
                "type":"TSPI_IN",
                "subtype":"PCRREAD",
                "struct_desc":
                {
                        "elem_desc":
                         [
                                {"name":"apino","type":"INT"},
                                {"name":"paramSize","type":"INT"},
                                {"name":"hTCM","type":"INT"},
                                {"name":"ulPcrIndex","type":"INT"}
                         ]
                }
        }
}
{
        "head":
        {
                "name":"tspi_out_PcrRead",
                "type":"RECORDTYPE"
        },
        "record":
        {
                "type":"TSPI_OUT",
                "subtype":"PCRREAD",
                "struct_desc":
                {
                        "elem_desc":
                         [
                                {"name":"returncode","type":"INT"},
                                {"name":"paramSize","type":"INT"},
                                {"name":"ulPcrValueLength","type":"INT"},
                                {"name":"rgbPcrValue","type":"DEFINE","def":"ulPcrValueLength"}
                         ]
                }
        }
}
{
        "head":
        {
                "name":"tspi_in_PcrReset",
                "type":"RECORDTYPE"
        },
        "record":
        {
                "type":"TSPI_IN",
                "subtype":"PCRRESET",
                "struct_desc":
                {
                        "elem_desc":
                         [
                                {"name":"apino","type":"INT"},
                                {"name":"hTCM","type":"INT"},
                                {"name":"hPcrComposite","type":"INT"}
                         ]
                }
        }
}
{
        "head":
        {
                "name":"tspi_out_PcrReset",
                "type":"RECORDTYPE"
        },
        "record":
        {
                "type":"TSPI_OUT",
                "subtype":"PCRRESET",
                "struct_desc":
                {
                        "elem_desc":
                         [
                                {"name":"returncode","type":"INT"}
                         ]
                }
        }
}
{
        "head":
        {
                "name":"tspi_in_CreateObject",
                "type":"RECORDTYPE"
        },
        "record":
        {
                "type":"TSPI_IN",
                "subtype":"CREATEOBJECT",
                "struct_desc":
                {
                        "elem_desc":
                         [
                                {"name":"apino","type":"INT"},
                                {"name":"paramSize","type":"INT"},
                                {"name":"hContext","type":"INT"},
                                {"name":"objectType","type":"INT"},
                                {"name":"initFlags","type":"INT"}
                         ]
                }
        }
}
{
        "head":
        {
                "name":"tspi_out_CreateObject",
                "type":"RECORDTYPE"
        },
        "record":
        {
                "type":"TSPI_OUT",
                "subtype":"CREATEOBJECT",
                "struct_desc":
                {
                        "elem_desc":
                         [
                                {"name":"returncode","type":"INT"},
                                {"name":"paramSize","type":"INT"},
                                {"name":"phObject","type":"INT"}
                         ]
                }
        }
}
{       
        "head":
        {       
                "name":"tspi_in_SelectPcrIndex",
                "type":"RECORDTYPE"
        },
        "record":
        {       
                "type":"TSPI_IN",
                "subtype":"SELECTPCRINDEX",
                "struct_desc":
                {       
                        "elem_desc":
                         [      
                                {"name":"apino","type":"INT"},
                                {"name":"paramSize","type":"INT"},
                                {"name":"hPcrComposite","type":"INT"},
                                {"name":"ulPcrIndex","type":"INT"},
                                {"name":"direction","type":"INT"}
                         ]
                }
        }
}
{       
        "head":
        {       
                "name":"tspi_out_SelectPcrIndex",
                "type":"RECORDTYPE"
        },
        "record":
        {       
                "type":"TSPI_OUT",
                "subtype":"SELECTPCRINDEX",
                "struct_desc":
                {       
                        "elem_desc":
                         [      
                                {"name":"returncode","type":"INT"},
                                {"name":"paramSize","type":"INT"}
                         ]
                }
        }
}
{       
        "head":
        {       
                "name":"tspi_in_GetPolicyObject",
                "type":"RECORDTYPE"
        },
        "record":
        {       
                "type":"TSPI_IN",
                "subtype":"GETPOLICYOBJECT",
                "struct_desc":
                {       
                        "elem_desc":
                         [      
                                {"name":"apino","type":"INT"},
                                {"name":"paramSize","type":"INT"},
                                {"name":"hObject","type":"INT"},
                                {"name":"policyType","type":"INT"}
                         ]
                }
        }
}
{
        "head":
        {
                "name":"tspi_out_GetPolicyObject",
                "type":"RECORDTYPE"
        },
        "record":
        {
                "type":"TSPI_OUT",
                "subtype":"GETPOLICYOBJECT",
                "struct_desc":
                {
                        "elem_desc":
                         [
                                {"name":"returncode","type":"INT"},
                                {"name":"paramSize","type":"INT"},
                                {"name":"phObject","type":"INT"}
                         ]
                }
        }
}
{       
        "head": 
        {       
                "name":"tspi_in_SetSecret",
                "type":"RECORDTYPE"
        },
        "record":
        {       
                "type":"TSPI_IN",
                "subtype":"SETSECRET",
                "struct_desc":
                {       
                        "elem_desc":
                         [      
                                {"name":"apino","type":"INT"},
                                {"name":"paramSize","type":"INT"},
                                {"name":"hPolicy","type":"INT"},
                                {"name":"secretMode","type":"INT"},
                                {"name":"ulSecretLength","type":"INT"},
                                {"name":"rgbSecret","type":"DEFINE","def":"ulSecretLength"}
                         ]
                }
        }
}
{
        "head":
        {
                "name":"tspi_out_SetSecret",
                "type":"RECORDTYPE"
        },
        "record":
        {
                "type":"TSPI_OUT",
                "subtype":"SETSECRET",
                "struct_desc":
                {
                        "elem_desc":
                         [
                                {"name":"returncode","type":"INT"},
                                {"name":"paramSize","type":"INT"}
                         ]
                }
        }
}
{       
        "head":
        {       
                "name":"tspi_in_LoadKeyByUUID",
                "type":"RECORDTYPE"
        },
        "record":
        {       
                "type":"TSPI_IN",
                "subtype":"LOADKEYBYUUID",
                "struct_desc":
                {       
                        "elem_desc":
                         [      
                                {"name":"apino","type":"INT"},
                                {"name":"paramSize","type":"INT"},
                                {"name":"hContext","type":"INT"},
                                {"name":"persistentStorageType","type":"INT"},
				{"name":"uuidData","type":"SUBSTRUCT","ref_name":"_tdTSM_UUID"}
                         ]
                }
        }
}
{
        "head":
        {
                "name":"tspi_out_LoadKeyByUUID",
                "type":"RECORDTYPE"
        },
        "record":
        {
                "type":"TSPI_OUT",
                "subtype":"LOADKEYBYUUID",
                "struct_desc":
                {
                        "elem_desc":
                         [
                                {"name":"returncode","type":"INT"},
                                {"name":"paramSize","type":"INT"},
                                {"name":"phKey","type":"INT"}
                         ]
                }
        }
}
{       
        "head":
        {       
                "name":"tspi_in_AssignToObject",
                "type":"RECORDTYPE"
        },
        "record":
        {       
                "type":"TSPI_IN",
                "subtype":"ASSIGNTOOBJECT",
                "struct_desc":
                {       
                        "elem_desc":
                         [      
                                {"name":"apino","type":"INT"},
                                {"name":"paramSize","type":"INT"},
                                {"name":"hPolicy","type":"INT"},
                                {"name":"hObject","type":"INT"}
                         ]
                }
        }
}
{
        "head":
        {
                "name":"tspi_out_AssignToObject",
                "type":"RECORDTYPE"
        },
        "record":
        {
                "type":"TSPI_OUT",
                "subtype":"ASSIGNTOOBJECT",
                "struct_desc":
                {
                        "elem_desc":
                         [
                                {"name":"returncode","type":"INT"},
                                {"name":"paramSize","type":"INT"}
                         ]
                }
        }
}
{       
        "head":
        {       
                "name":"tspi_in_CreateKey",
                "type":"RECORDTYPE"
        },
        "record":
        {       
                "type":"TSPI_IN",
                "subtype":"CREATEKEY",
                "struct_desc":
                {       
                        "elem_desc":
                         [      
                                {"name":"apino","type":"INT"},
                                {"name":"paramSize","type":"INT"},
                                {"name":"hKey","type":"INT"},
                                {"name":"hWrappingKey","type":"INT"},
				{"name":"hPcrComposite","type":"INT"}
                         ]
                }
        }
}
{
        "head":
        {
                "name":"tspi_out_CreateKey",
                "type":"RECORDTYPE"
        },
        "record":
        {
                "type":"TSPI_OUT",
                "subtype":"CREATEKEY",
                "struct_desc":
                {
                        "elem_desc":
                         [
                                {"name":"returncode","type":"INT"},
                                {"name":"paramSize","type":"INT"}
                         ]
                }
        }
}
