{	
	"head":
	{
		"name":"dtype_vtcm_manager",
		"type":"TYPELIST"
	},
	"record":
	{
		"elem_no":3,
		"elemlist":
		[
			"VTCM_STRUCT=0x2080",
			"VTCM_CTRL_IN=0x2081",
			"VTCM_CTRL_OUT=0x2082"
		]
	}
}
{
	"head":
	{
		"name":"subtype_vtcm_struct",
		"type":"SUBTYPELIST"
	},
	"record":
	{
		"type":"VTCM_STRUCT",
		"elem_no":7,
		"elemlist":
		[
			"CMD_HEAD=0x01",
			"RETURN_HEAD",
			"STORAGE",
			"INSTANCE",
			"COPY",
            		"IO_CONTEXT",
			"IO_DATASEGMENT"
		]
	}
}
{
	"head":
	{
		"name":"vtcm_ctrl_cmd",
		"type":"NAMELIST"
	},
	"record":
	{
		"elem_no":16,
		"elemlist":
		[
            		"INIT=0x0100",
            		"STOP=0x0200",
            		"CLEAN=0x0300",
            		"STARTUP=0x0400",
            		"KEYSET=0x0500",
            		"KEYUPDATE=0x0600",
            		"KEYEXPORT=0x0700",
            		"KEYIMPORT=0x0800",
            		"EXPORT=0x0900",
            		"IMPORT=0x0a00",
            		"MIG_READY=0x1000",
            		"MIG_EXPORTKEY=0x1100",
            		"MIG_IMPORTKEY=0x1200",
            		"MIG_CLEAN=0x1300",
            		"MIG_ACTIVE=0x1400",
            		"CMD_TRANS=0x4000"
		]
	}
}
{
	"head":
	{
		"name":"subtype_vtcm_ctrl_in",
		"type":"SUBTYPELIST"
	},
	"record":
	{
		"type":"VTCM_CTRL_IN",
		"elem_no":16,
		"elemlist":
		[
            		"INIT=0x0100",
            		"STOP=0x0200",
            		"CLEAN=0x0300",
            		"STARTUP=0x0400",
            		"KEYSET=0x0500",
            		"KEYUPDATE=0x0600",
            		"KEYEXPORT=0x0700",
            		"KEYIMPORT=0x0800",
            		"EXPORT=0x0900",
            		"IMPORT=0x0a00",
            		"MIG_READY=0x1000",
            		"MIG_EXPORTKEY=0x1100",
            		"MIG_IMPORTKEY=0x1200",
            		"MIG_CLEAN=0x1300",
            		"MIG_ACTIVE=0x1400",
            		"CMD_TRANS=0x4000"
		]
	}
}
{
	"head":
	{
		"name":"subtype_vtcm_ctrl_out",
		"type":"SUBTYPELIST"
	},
	"record":
	{
		"type":"VTCM_CTRL_OUT",
		"elem_no":16,
		"elemlist":
		[
            		"INIT=0x0100",
            		"STOP=0x0200",
            		"CLEAN=0x0300",
            		"STARTUP=0x0400",
            		"KEYSET=0x0500",
            		"KEYUPDATE=0x0600",
            		"KEYEXPORT=0x0700",
            		"KEYIMPORT=0x0800",
            		"EXPORT=0x0900",
            		"IMPORT=0x0a00",
            		"MIG_READY=0x1000",
            		"MIG_EXPORTKEY=0x1100",
            		"MIG_IMPORTKEY=0x1200",
            		"MIG_CLEAN=0x1300",
            		"MIG_ACTIVE=0x1400",
            		"CMD_TRANS=0x4000"
		]
	}
}
{
	"head":
	{
		"name":"vtcm_io_segment",
		"type":"NAMELIST"
	},
	"record":
	{
		"elem_no":15,
		"elemlist":
		[
            		"PERMANENT_FLAGS=0x01",
            		"STCLEAR_FLAGS",
            		"STANY_FLAGS",
            		"PERMANENT_DATAHEAD",
            		"EK",
            		"SMK",
            		"CONTEXTKEY",
            		"PERMANENT_DATATAIL",
            		"STCLEAR_DATA",
            		"PCRVALUE",
            		"STANY_DATAHEAD",
            		"STANY_CONTEXT",
            		"STANY_SESSIONS",
            		"KEY_ENTRIES",
            		"NV_ENTRIES"
		]
	}
}
{
	"head":
	{
		"name":"vtcm_state",
		"type":"NAMELIST"
	},
	"record":
	{
		"elem_no":5,
		"elemlist":
		[
            		"INIT=0x01",
            		"START",
            		"ACTIVATE",
            		"SLEEP",
            		"MIGRATE"
		]
	}
}
{
	"head":
	{
		"name":"vtcm_io_type",
		"type":"NAMELIST"
	},
	"record":
	{
		"elem_no":3,
		"elemlist":
		[
            		"STATIC=0x0100",
            		"CACHE=0x0300",
            		"MIG=0x0800"
		]
	}
}
{
	"head":
	{
		"name":"vtcm_cmd_head",
		"type":"RECORDTYPE"
	},
	"record":
	{
		"type":"VTCM_STRUCT",
		"subtype":"CMD_HEAD",
		"struct_desc":
		{
			"elem_desc":
			[
				{"name":"tag","type":"SENUM","ref_name":"tcm_tag_value"},
				{"name":"paramSize","type":"TPM32"},
				{"name":"vtcm_no","type":"TPM16"},
				{"name":"tag","type":"SENUM","ref_name":"vtcm_ctrl_cmd"}
			]
		}
	}	
}
{
	"head":
	{
		"name":"vtcm_return_head",
		"type":"RECORDTYPE"
	},
	"record":
	{
		"type":"VTCM_STRUCT",
		"subtype":"RETURN_HEAD",
		"struct_desc":
		{
			"elem_desc":
			[
				{"name":"tag","type":"SENUM","ref_name":"tcm_tag_value"},
				{"name":"paramSize","type":"TPM32"},
				{"name":"vtcm_no","type":"TPM16"},
				{"name":"returnCode","type":"TPM16"}
			]
		}
	}	
}
{
	"head":
	{
		"name":"vtcm_instance",
		"type":"RECORDTYPE"
	},
	"record":
	{
		"type":"VTCM_STRUCT",
		"subtype":"INSTANCE",
		"struct_desc":
		{
			"elem_desc":
			[
				{"name":"vtcm_id","type":"UUID"},
				{"name":"state","type":"ENUM","ref_name":"vtcm_state"},
				{"name":"active_times","type":"INT"},
				{"name":"sleep_times","type":"INT"},
				{"name":"wait_times","type":"INT"},
				{"name":"iswaitout","type":"INT"},
			]
		}
	}	
}
{
	"head":
	{
		"name":"vtcm_copy",
		"type":"RECORDTYPE"
	},
	"record":
	{
		"type":"VTCM_STRUCT",
		"subtype":"COPY",
		"struct_desc":
		{
			"elem_desc":
			[
				{"name":"vtcm_id","type":"UUID"},
				{"name":"no","type":"INT"},
				{"name":"active_times","type":"INT"},
				{"name":"finish_cmds","type":"INT"}
			]
		}
	}	
}
{
	"head":
	{
		"name":"vtcm_io_datasegment",
		"type":"RECORDTYPE"
	},
	"record":
	{
		"type":"VTCM_STRUCT",
		"subtype":"IO_DATASEGMENT",
		"struct_desc":
		{
			"elem_desc":
			[
				{"name":"seg","type":"SENUM","ref_name":"vtcm_io_segment"},
				{"name":"no","type":"TPM16"},
				{"name":"data_size","type":"INT"},
				{"name":"data","type":"DEFINE","def":"data_size"}
			]
		}
	}	
}
{
	"head":
	{
		"name":"vtcm_init_cmd_in",
		"type":"RECORDTYPE"
	},
	"record":
	{
		"type":"VTCM_CTRL_IN",
		"subtype":"INIT",
		"struct_desc":
		{
			"elem_desc":
			[
				{"name":"cmd_head","type":"SUBSTRUCT","ref_name":"vtcm_cmd_head"},
				{"name":"uuid","type":"UUID"}
			]
		}
	}	
}
{
	"head":
	{
		"name":"vtcm_init_cmd_out",
		"type":"RECORDTYPE"
	},
	"record":
	{
		"type":"VTCM_CTRL_OUT",
		"subtype":"INIT",
		"struct_desc":
		{
			"elem_desc":
			[
				{"name":"return_head","type":"SUBSTRUCT","ref_name":"vtcm_return_head"},
				{"name":"uuid","type":"UUID"}
			]
		}
	}	
}
{
	"head":
	{
		"name":"vtcm_export_cmd_in",
		"type":"RECORDTYPE"
	},
	"record":
	{
		"type":"VTCM_CTRL_IN",
		"subtype":"EXPORT",
		"struct_desc":
		{
			"elem_desc":
			[
				{"name":"cmd_head","type":"SUBSTRUCT","ref_name":"vtcm_cmd_head"},
				{"name":"crypt_id","type":"UUID"},
				{"name":"type","type":"SENUM","ref_name":"vtcm_io_type"},
				{"name":"max_size","type":"TPM32"}
			]
		}
	}	
}
{
	"head":
	{
		"name":"vtcm_data_import_in",
		"type":"RECORDTYPE"
	},
	"record":
	{
		"type":"VTCM_CTRL_IN",
		"subtype":"IMPORT",
		"struct_desc":
		{
			"elem_desc":
			[
				{"name":"crypt_id","type":"UUID"},
				{"name":"data_size","type":"TPM32"},
				{"name":"type","type":"ENUM","ref_name":"vtcm_io_type"},
				{"name":"data","type":"DEFINE","def":"data_size"}
			]
		}
	}	
}
{
	"head":
	{
		"name":"vtcm_data_import_out",
		"type":"RECORDTYPE"
	},
	"record":
	{
		"type":"VTCM_CTRL_OUT",
		"subtype":"IMPORT",
		"struct_desc":
		{
			"elem_desc":
			[
				{"name":"crypt_id","type":"UUID"},
				{"name":"type","type":"ENUM","ref_name":"vtcm_io_type"},
			]
		}
	}	
}
{
	"head":
	{
		"name":"vtcm_export_cmd_out",
		"type":"RECORDTYPE"
	},
	"record":
	{
		"type":"VTCM_CTRL_OUT",
		"subtype":"EXPORT",
		"struct_desc":
		{
			"elem_desc":
			[
				{"name":"return_head","type":"SUBSTRUCT","ref_name":"vtcm_return_head"},
				{"name":"type","type":"SENUM","ref_name":"vtcm_io_type"},
				{"name":"data_size","type":"TPM32"},
				{"name":"data","type":"DEFINE","def":"data_size"}
			]
		}
	}
}	
