{
	"head":
	{
		"name":"aik_user_info",
		"type":"RECORDTYPE"
	},
	"record":
	{
		"type":"TESI_AIK_STRUCT",
		"subtype":"USER_INFO",
		"struct_desc":
		{
			"elem_desc":
			[
				{"name":"uuid","type":"UUID"},
				{"name":"org","type":"ESTRING"},
				{"name":"user_id","type":"STRING","size":32},
				{"name":"user_name","type":"ESTRING"},
				{"name":"role","type":"ESTRING"}
			]
		}
	}
}
{
	"head":
	{
		"name":"aik_cert_info",
		"type":"RECORDTYPE"
	},
	"record":
	{
		"type":"TESI_AIK_STRUCT",
		"subtype":"CERT_INFO",
		"struct_desc":
		{
			"elem_desc":
			[
				{"name":"machine_uuid","type":"UUID"},
				{"name":"aik_user_info","type":"SUBSTRUCT","ref_name":"aik_user_info"},
				{"name":"pubkey_uuid","type":"UUID"}
			]
		}
	}
}
{
	"head":
	{
		"name":"aik_ca_cert",
		"type":"RECORDTYPE"
	},
	"record":
	{
		"type":"TESI_AIK_STRUCT",
		"subtype":"CA_CERT",
		"struct_desc":
		{
			"elem_desc":
			[
				{"name":"reqinfo","type":"SUBSTRUCT","ref_name":"aik_cert_info"},
				{"name":"AIPubKey_uuid","type":"UUID"}
			]
		}
	}	
}
{
	"head":
	{
		"name":"key_manage_aik_info",
		"type":"RECORDTYPE"
	},
	"record":
	{
		"type":"TESI_AIK_STRUCT",
		"subtype":"AIK_INFO",
		"struct_desc":
		{
			"elem_desc":
			[
				{"name":"machine_uuid","type":"UUID"},
				{"name":"user_name","type":"ESTRING","size":32},
				{"name":"aik_pub_uuid","type":"UUID"},
				{"name":"aik_pri_uuid","type":"UUID"},
				{"name":"aik_cert_uuid","type":"UUID"},
			]
		}
	}	
}
