{
	"head":
	{
		"name":"tesi_pcr_selection",
		"type":"RECORDTYPE"
	},
	"record":
	{
		"type":"TESI_REPORT",
		"subtype":"PCR_SELECTION",
		"struct_desc":
		{
			"elem_desc":
			[
				{"name":"size_of_select","type":"TPM16"},
				{"name":"pcr_select","type":"DEFINE","def":"size_of_select"}
			]
		}
	}	
}
{
	"head":
	{
		"name":"tesi_pcr_composite",
		"type":"RECORDTYPE"
	},
	"record":
	{
		"type":"TESI_REPORT",
		"subtype":"PCR_COMPOSITE",
		"struct_desc":
		{
			"elem_desc":
			[
				{"name":"select","type":"SUBSTRUCT","ref_name":"tesi_pcr_selection"},
				{"name":"valueSize","type":"TPM32"},
				{"name":"pcrValue","type":"DEFINE","def":"valueSize"}
			]
		}
	}	
}
{
	"head":
	{
		"name":"tpm_quote_info",
		"type":"RECORDTYPE"
	},
	"record":
	{
		"type":"TESI_REPORT",
		"subtype":"QUOTE_INFO",
		"struct_desc":
		{
			"elem_desc":
			[
				{"name":"version","type":"BINDATA","size":4},
				{"name":"fixed","type":"STRING","size":4},
				{"name":"digestValue","type":"BINDATA","size":20},
				{"name":"externalData","type":"BINDATA","size":20}
			]
		}
	}	
}
{
	"head":
	{
		"name":"tpm_valudation",
		"type":"RECORDTYPE"
	},
	"record":
	{
		"type":"TESI_REPORT",
		"subtype":"TPM_VALIDATION",
		"struct_desc":
		{
			"elem_desc":
			[
				{"name":"version","type":"BINDATA","size":4},
				{"name":"ulExternalDataLength","type":"INT"},
				{"name":"rgbExternalData","type":"DEFINE","def":"ulExternalDataLength"},
				{"name":"ulDataLength","type":"INT"},
				{"name":"rgbData","type":"DEFINE","def":"ulDataLength"},
				{"name":"ulValidationLength","type":"INT"},
				{"name":"rgbValidationData","type":"DEFINE","def":"ulValidationLength"}
			]
		}
	}	
}
{
	"head":
	{
		"name":"tpm_pcr_set",
		"type":"RECORDTYPE"
	},
	"record":
	{
		"type":"TESI_REPORT",
		"subtype":"PCR_SET",
		"struct_desc":
		{
			"elem_desc":
			[
				{"name":"uuid","type":"UUID"},
				{"name":"trust_level","type":"INT"},
				{"name":"policy_describe","type":"ESTRING"}
			]
		}
	}	
