{
	"head":
	{
		"name":"crypto_demo_type",
		"type":"TYPELIST"
	},
	"record":
	{
		"elem_no":1,
		"elemlist":
		[
			"CRYPTO_DEMO=0x1001"
		]
	}
}
{
	"head":
	{
		"name":"crypto_demo_subtype",
		"type":"SUBTYPELIST"
	},
	"record":
	{
		"type":"CRYPTO_DEMO",
		"elem_no":4,
		"elemlist":
		[
			"LOGIN_INFO=0x01",
			"VERIFY_RETURN",
			"CHAT_MSG",
			"USER_ADDR=0x10"
		]
	}
}
{
	"head":
	{
		"name":"crypto_demo_login_info",
		"type":"RECORDTYPE"
	},
	"record":
	{
		"type":"CRYPTO_DEMO",
		"subtype":"LOGIN_INFO",
		"struct_desc":
		{
			"elem_desc":
			[
				{"name":"user","type":"STRING","size":32},
				{"name":"passwd","type":"STRING","size":32},
				{"name":"nonce","type":"BINDATA","size":32}
			]
		},
		"index":
		{
			"flag":"INDEX",
			"elemlist":"user,passwd"
		}
	}	
}
{
	"head":
	{
		"name":"crypto_demo_verify_return",
		"type":"RECORDTYPE"
	},
	"record":
	{
		"type":"CRYPTO_DEMO",
		"subtype":"VERIFY_RETURN",
		"struct_desc":
		{
			"elem_desc":
			[
				{"name":"retval","type":"INT"},
				{"name":"ret_data_size","type":"INT"},
				{"name":"ret_data","type":"DEFINE","def":"ret_data_size"}
			]
		}
		"index":
		{
			"flag":"INDEX",
			"elemlist":"retval,ret_data_size,ret_data"
		}
	}	
}
{
	"head":
	{
		"name":"crypto_demo_session_msg",
		"type":"RECORDTYPE"
	},
	"record":
	{
		"type":"CRYPTO_DEMO",
		"subtype":"CHAT_MSG",
		"struct_desc":
		{
			"elem_desc":
			[
				{"name":"sender","type":"STRING","size":32},
				{"name":"receiver","type":"STRING","size":32},
				{"name":"time","type":"LONGLONG"},
				{"name":"msg","type":"ESTRING"}
			]
		},
		"index":
		{
			"flag":"INDEX",
			"elemlist":"sender,receiver,time,msg"
		}
	}	
}
{
	"head":
	{
		"name":"server_user_addr_info",
		"type":"RECORDTYPE"
	},
	"record":
	{
		"type":"CRYPTO_DEMO",
		"subtype":"USER_ADDR",
		"struct_desc":
		{
			"elem_desc":
			[
				{"name":"user","type":"STRING","size":32},
				{"name":"addr","type":"UUID"}
			]
		},
		"index":
		{
			"flag":"INDEX",
			"elemlist":"user,addr"
		}
	}	
}
