{
	"head":
	{
		"name":"dtype_whitelist",
		"type":"TYPELIST"
	},
	"record":
	{
		"elem_no":1,
		"elemlist":
		[
			"WHITELIST_SM3=0x3501"
		]
	}
}
{
	"head":
	{
		"name":"subtype_whitelist_sm3",
		"type":"SUBTYPELIST"
	},
	"record":
	{
		"type":"WHITELIST_SM3",
		"elem_no":5,
		"elemlist":
		[
			"BASE_WHITELIST",
			"PACKAGE_WHITELIST",
			"WHITELIST_ACTION",
			"WHITELIST_POLICY",
			"FILE_DIGEST"
		]
	}
}
{
	"head":
	{
		"name":"enum_whitelist_action",
		"type":"NAMELIST"
	},
	"record":
	{
		"elem_no":3,
		"elemlist":
		[
			"SELECT",
			"ADD",
			"DEL"
		]
	}
}
{
	"head":
	{
		"name":"enum_whitelist_checkresult",
		"type":"NAMELIST"
	},
	"record":
	{
		"elem_no":3,
		"elemlist":
		[
			"CORRECT",
			"NOTEXIST",
			"MISMATCH"
		]
	}
}
{
	"head":
	{
		"name":"base_whitelist_sm3",
		"type":"RECORDTYPE"
	},
	"record":
	{
		"type":"WHITELIST_SM3",
		"subtype":"BASE_WHITELIST",
		"struct_desc":
		{
			"elem_desc":
			[
				{"name":"whitelist_name","type":"ESTRING","size":32},
				{"name":"os_type","type":"ESTRING","size":64},
				{"name":"os_version","type":"ESTRING","size":64},
				{"name":"implement_type","type":"ESTRING","size":32},
				{"name":"whitelist_uuid","type":"UUID"}
			]
		}
	}
}
{
	"head":
	{
		"name":"package_whitelist_sm3",
		"type":"RECORDTYPE"
	},
	"record":
	{
		"type":"WHITELIST_SM3",
		"subtype":"PACKAGE_WHITELIST",
		"struct_desc":
		{
			"elem_desc":
			[
				{"name":"whitelist_name","type":"ESTRING","size":32},
				{"name":"package_type","type":"ESTRING","size":64},
				{"name":"package_version","type":"ESTRING","size":64},
				{"name":"install_type","type":"ESTRING","size":32},
				{"name":"whitelist_uuid","type":"UUID"}
			]
		}
	}
}
{
	"head":
	{
		"name":"whitelist_action_sm3",
		"type":"RECORDTYPE"
	},
	"record":
	{
		"type":"WHITELIST_SM3",
		"subtype":"WHITELIST_ACTION",
		"struct_desc":
		{
			"elem_desc":
			[
				{"name":"origin_uuid","type":"UUID"},
				{"name":"select_uuid","type":"UUID"},
				{"name":"action","type":"ENUM","ref_name":"enum_whitelist_action"},
				{"name":"result_uuid","type":"UUID"},
			]
		}
	}
}
{
	"head":
	{
		"name":"whitelist_policy_sm3",
		"type":"RECORDTYPE"
	},
	"record":
	{
		"type":"WHITELIST_SM3",
		"subtype":"WHITELIST_POLICY",
		"struct_desc":
		{
			"elem_desc":
			[
				{"name":"base_policy","type":"ESTRING"},
				{"name":"add_policy_num","type":"INT"},
				{"name":"add_policys","type":"DEFSTRARRAY","size":32,"def":"add_policy_num"},
				{"name":"del_policy_num","type":"INT"},
				{"name":"del_policys","type":"DEFSTRARRAY","size":32,"def":"del_policy_num"}
			]
		}
	}
}
{
	"head":
	{
		"name":"whitelist_file_digest",
		"type":"RECORDTYPE"
	},
	"record":
	{
		"type":"WHITELIST_SM3",
		"subtype":"FILE_DIGEST",
		"struct_desc":
		{
			"elem_desc":
			[
				{"name":"file_name","type":"ESTRING"},
				{"name":"file_digest","type":"UUID"},
				{"name":"check_result","type":"ENUM","ref_name":"enum_whitelist_checkresult"}
			]
		}
	}
}
